Label1,Label2,Idx1,Idx2,PI
s01-h1,s01-h2,0,1,99.7
s01-h1,s01-h2,0,1,88.1
s01-h1,s01-h2,0,1,88.2
s01-h1,s01-h2,0,1,88.3
s01-h1,s01-h2,0,1,88.3
s01-h1,s01-h2,0,1,88.4
s01-h1,s01-h2,0,1,88.4
s01-h1,s01-h2,0,1,99.5
s01-h1,s01-h2,0,1,77.3
s01-h1,s01-h2,0,1,73.9
s01-h1,s01-h2,0,1,73.9
s01-h1,s01-h2,0,1,81.8
s01-h1,s01-h2,0,1,88.6
s01-h1,s01-h2,0,1,83.3
s01-h1,s01-h2,0,1,83.3
s01-h1,s01-h2,0,1,83.4
s01-h1,s01-h2,0,1,83.6
s01-h1,s01-h2,0,1,83.7
s01-h1,s01-h2,0,1,83.7
s01-h1,s01-h2,0,1,85.4
s01-h1,s01-h2,0,1,87.7
s01-h1,s01-h2,0,1,87.7
s01-h1,s01-h2,0,1,98.3
s01-h1,s01-h2,0,1,99.0
s01-h1,s01-h2,0,1,99.0
s01-h1,s01-h2,0,1,98.3
s01-h1,s01-h2,0,1,88.3
s01-h1,s01-h2,0,1,88.3
s01-h1,s01-h2,0,1,87.3
s01-h1,s01-h2,0,1,87.3
s01-h1,s01-h2,0,1,88.3
s01-h1,s01-h2,0,1,88.0
s01-h1,s01-h2,0,1,86.4
s01-h1,s01-h2,0,1,76.3
s01-h1,s01-h2,0,1,76.1
s01-h1,s01-h2,0,1,76.2
s01-h1,s01-h2,0,1,75.7
s01-h1,s01-h2,0,1,75.7
s01-h1,s01-h2,0,1,76.0
s01-h1,s01-h2,0,1,83.9
s01-h1,s01-h2,0,1,79.1
s01-h1,s01-h2,0,1,85.8
s01-h1,s01-h2,0,1,87.5
s01-h1,s01-h2,0,1,88.1
s01-h1,s01-h2,0,1,87.7
s01-h1,s01-h2,0,1,87.4
s01-h1,s01-h2,0,1,79.2
s01-h1,s01-h2,0,1,86.1
s01-h1,s01-h2,0,1,93.2
s01-h1,s01-h2,0,1,88.6
s01-h1,s01-h2,0,1,99.3
s01-h1,s01-h2,0,1,90.5
s01-h1,s01-h2,0,1,93.2
s01-h1,s01-h2,0,1,93.2
s01-h1,s01-h2,0,1,90.5
s01-h1,s01-h2,0,1,90.5
s01-h1,s01-h2,0,1,88.9
s01-h1,s01-h2,0,1,85.4
s01-h1,s01-h2,0,1,97.5
s01-h1,s01-h2,0,1,97.2
s01-h1,s01-h2,0,1,97.0
s01-h1,s01-h2,0,1,97.0
s01-h1,s01-h2,0,1,94.2
s01-h1,s01-h2,0,1,83.3
s01-h1,s01-h2,0,1,98.0
s01-h1,s01-h2,0,1,98.1
s01-h1,s01-h2,0,1,93.2
s01-h1,s01-h2,0,1,88.1
s01-h1,s01-h2,0,1,87.7
s01-h1,s01-h2,0,1,97.0
s01-h1,s01-h2,0,1,97.1
s01-h1,s01-h2,0,1,98.8
s01-h1,s01-h2,0,1,99.2
s01-h1,s01-h2,0,1,83.6
s01-h1,s01-h2,0,1,99.5
s01-h1,s01-h2,0,1,99.5
s01-h1,s01-h2,0,1,99.6
s01-h1,s01-h2,0,1,90.6
s01-h1,s01-h2,0,1,98.1
s01-h1,s01-h2,0,1,98.2
s01-h1,s01-h2,0,1,98.5
s01-h1,s01-h2,0,1,88.4
s01-h1,s01-h2,0,1,97.2
s01-h1,s01-h2,0,1,94.1
s01-h1,s01-h2,0,1,99.2
s01-h1,s01-h2,0,1,83.7
s01-h1,s01-h2,0,1,99.6
s01-h1,s01-h2,0,1,90.5
s01-h1,s01-h2,0,1,98.0
s01-h1,s01-h2,0,1,98.2
s01-h1,s01-h2,0,1,98.6
s01-h1,s01-h2,0,1,88.3
s01-h1,s01-h2,0,1,97.5
s01-h1,s01-h2,0,1,94.0
s01-h1,s01-h2,0,1,98.8
s01-h1,s01-h2,0,1,83.7
s01-h1,s01-h2,0,1,98.5
s01-h1,s01-h2,0,1,98.6
s01-h1,s01-h2,0,1,90.6
s01-h1,s01-h2,0,1,88.2
s01-h1,s01-h2,0,1,98.2
s01-h1,s01-h2,0,1,97.1
s01-h1,s01-h2,0,1,94.2
s01-h1,s01-h2,0,1,83.3
s01-h1,s01-h2,0,1,98.2
s01-h1,s01-h2,0,1,98.2
s01-h1,s01-h2,0,1,93.2
s01-h1,s01-h2,0,1,88.1
s01-h1,s01-h2,0,1,87.9
s01-h1,s01-h2,0,1,97.3
s01-h1,s01-h2,0,1,97.6
s01-h1,s01-h2,0,1,97.3
s01-h1,s01-h2,0,1,99.4
s01-h1,s01-h2,0,1,83.3
s01-h1,s01-h2,0,1,98.1
s01-h1,s01-h2,0,1,98.2
s01-h1,s01-h2,0,1,93.2
s01-h1,s01-h2,0,1,88.0
s01-h1,s01-h2,0,1,87.8
s01-h1,s01-h2,0,1,94.0
s01-h1,s01-h2,0,1,93.9
s01-h1,s01-h2,0,1,94.1
s01-h1,s01-h2,0,1,94.0
s01-h1,s01-h2,0,1,83.3
s01-h1,s01-h2,0,1,84.5
s01-h1,s01-h2,0,1,99.8
s01-h1,s01-h2,0,1,88.2
s01-h1,s01-h2,0,1,94.9
s01-h1,s01-h2,0,1,94.9
s01-h1,s01-h2,0,1,88.2
s01-h1,s01-h2,0,1,75.7
s01-h1,s01-h2,0,1,87.1
s01-h1,s01-h2,0,1,87.7
s01-h1,s01-h2,0,1,77.3
s01-h1,s01-h2,0,1,81.8
s01-h1,s01-h2,0,1,83.0
s01-h1,s01-h2,0,1,84.7
s01-h1,s01-h2,0,1,75.6
s01-h1,s01-h2,0,1,77.4
s01-h1,s01-h2,0,1,78.1
s01-h1,s01-h2,0,1,88.6
s01-h1,s01-h2,0,1,87.1
s01-h1,s01-h2,0,1,87.6
s01-h1,s01-h2,0,1,78.0
s01-h1,s01-h2,0,1,96.5
s01-h1,s01-h2,0,1,82.7
s01-h1,s01-h2,0,1,85.7
s01-h1,s01-h2,0,1,88.7
s01-h1,s01-h2,0,1,88.6
s01-h1,s01-h2,0,1,88.7
s01-h1,s01-h2,0,1,89.3
s01-h1,s01-h2,0,1,94.3
s01-h1,s01-h2,0,1,89.0
s01-h1,s01-h2,0,1,89.3
s01-h1,s01-h2,0,1,95.3
s01-h1,s01-h2,0,1,94.6
s01-h1,s01-h2,0,1,88.8
s01-h1,s01-h2,0,1,93.8
s01-h1,s01-h2,0,1,88.7
s01-h1,s01-h2,0,1,88.9
s01-h1,s01-h2,0,1,86.9
s01-h1,s01-h2,0,1,89.7
s01-h1,s01-h2,0,1,89.8
s01-h1,s01-h2,0,1,90.8
s01-h1,s01-h2,0,1,89.8
s01-h1,s01-h2,0,1,89.8
s01-h1,s01-h2,0,1,88.3
s01-h1,s02-h1,0,2,99.1
s01-h1,s02-h1,0,2,88.7
s01-h1,s02-h1,0,2,87.9
s01-h1,s02-h1,0,2,88.9
s01-h1,s02-h1,0,2,98.7
s01-h1,s02-h1,0,2,77.3
s01-h1,s02-h1,0,2,74.0
s01-h1,s02-h1,0,2,99.2
s01-h1,s02-h1,0,2,73.8
s01-h1,s02-h1,0,2,81.8
s01-h1,s02-h1,0,2,88.6
s01-h1,s02-h1,0,2,99.2
s01-h1,s02-h1,0,2,83.5
s01-h1,s02-h1,0,2,87.8
s01-h1,s02-h1,0,2,84.4
s01-h1,s02-h1,0,2,86.4
s01-h1,s02-h1,0,2,89.6
s01-h1,s02-h1,0,2,98.5
s01-h1,s02-h1,0,2,98.5
s01-h1,s02-h1,0,2,99.3
s01-h1,s02-h1,0,2,90.3
s01-h1,s02-h1,0,2,87.6
s01-h1,s02-h1,0,2,72.2
s01-h1,s02-h1,0,2,86.2
s01-h1,s02-h1,0,2,74.2
s01-h1,s02-h1,0,2,74.7
s01-h1,s02-h1,0,2,79.2
s01-h1,s02-h1,0,2,87.3
s01-h1,s02-h1,0,2,87.6
s01-h1,s02-h1,0,2,87.6
s01-h1,s02-h1,0,2,99.0
s01-h1,s02-h1,0,2,88.6
s01-h1,s02-h1,0,2,75.8
s01-h1,s02-h1,0,2,91.5
s01-h1,s02-h1,0,2,88.2
s01-h1,s02-h1,0,2,94.0
s01-h1,s02-h1,0,2,81.3
s01-h1,s02-h1,0,2,75.3
s01-h1,s02-h1,0,2,94.2
s01-h1,s02-h1,0,2,88.2
s01-h1,s02-h1,0,2,87.6
s01-h1,s02-h1,0,2,87.6
s01-h1,s02-h1,0,2,83.6
s01-h1,s02-h1,0,2,76.4
s01-h1,s02-h1,0,2,88.2
s01-h1,s02-h1,0,2,90.7
s01-h1,s02-h1,0,2,88.3
s01-h1,s02-h1,0,2,94.4
s01-h1,s02-h1,0,2,83.7
s01-h1,s02-h1,0,2,75.9
s01-h1,s02-h1,0,2,88.2
s01-h1,s02-h1,0,2,90.7
s01-h1,s02-h1,0,2,88.3
s01-h1,s02-h1,0,2,94.3
s01-h1,s02-h1,0,2,83.8
s01-h1,s02-h1,0,2,76.0
s01-h1,s02-h1,0,2,90.7
s01-h1,s02-h1,0,2,88.2
s01-h1,s02-h1,0,2,88.1
s01-h1,s02-h1,0,2,94.1
s01-h1,s02-h1,0,2,81.2
s01-h1,s02-h1,0,2,75.2
s01-h1,s02-h1,0,2,94.1
s01-h1,s02-h1,0,2,88.2
s01-h1,s02-h1,0,2,87.6
s01-h1,s02-h1,0,2,87.8
s01-h1,s02-h1,0,2,81.3
s01-h1,s02-h1,0,2,75.2
s01-h1,s02-h1,0,2,98.1
s01-h1,s02-h1,0,2,88.1
s01-h1,s02-h1,0,2,87.5
s01-h1,s02-h1,0,2,87.7
s01-h1,s02-h1,0,2,81.5
s01-h1,s02-h1,0,2,76.1
s01-h1,s02-h1,0,2,88.7
s01-h1,s02-h1,0,2,91.1
s01-h1,s02-h1,0,2,98.2
s01-h1,s02-h1,0,2,87.8
s01-h1,s02-h1,0,2,98.1
s01-h1,s02-h1,0,2,88.2
s01-h1,s02-h1,0,2,79.0
s01-h1,s02-h1,0,2,87.1
s01-h1,s02-h1,0,2,87.7
s01-h1,s02-h1,0,2,77.5
s01-h1,s02-h1,0,2,81.3
s01-h1,s02-h1,0,2,96.2
s01-h1,s02-h1,0,2,93.3
s01-h1,s02-h1,0,2,83.0
s01-h1,s02-h1,0,2,84.8
s01-h1,s02-h1,0,2,83.7
s01-h1,s02-h1,0,2,75.7
s01-h1,s02-h1,0,2,77.1
s01-h1,s02-h1,0,2,86.0
s01-h1,s02-h1,0,2,87.7
s01-h1,s02-h1,0,2,78.0
s01-h1,s02-h1,0,2,98.8
s01-h1,s02-h1,0,2,88.6
s01-h1,s02-h1,0,2,87.0
s01-h1,s02-h1,0,2,87.6
s01-h1,s02-h1,0,2,94.3
s01-h1,s02-h1,0,2,95.8
s01-h1,s02-h1,0,2,87.2
s01-h1,s02-h1,0,2,88.8
s01-h1,s02-h1,0,2,89.2
s01-h1,s02-h1,0,2,88.5
s01-h1,s02-h1,0,2,95.6
s01-h1,s02-h1,0,2,87.9
s01-h1,s02-h1,0,2,89.8
s01-h1,s02-h1,0,2,92.1
s01-h1,s02-h1,0,2,94.1
s01-h1,s02-h1,0,2,88.8
s01-h1,s02-h1,0,2,94.5
s01-h1,s02-h1,0,2,89.1
s01-h1,s02-h1,0,2,89.2
s01-h1,s02-h1,0,2,89.6
s01-h1,s02-h1,0,2,87.3
s01-h1,s02-h1,0,2,90.9
s01-h1,s02-h1,0,2,89.6
s01-h1,s02-h1,0,2,89.7
s01-h1,s02-h1,0,2,88.3
s01-h1,s02-h2,0,3,99.1
s01-h1,s02-h2,0,3,88.7
s01-h1,s02-h2,0,3,88.0
s01-h1,s02-h2,0,3,88.9
s01-h1,s02-h2,0,3,88.2
s01-h1,s02-h2,0,3,98.7
s01-h1,s02-h2,0,3,77.3
s01-h1,s02-h2,0,3,74.0
s01-h1,s02-h2,0,3,99.2
s01-h1,s02-h2,0,3,73.9
s01-h1,s02-h2,0,3,81.8
s01-h1,s02-h2,0,3,88.6
s01-h1,s02-h2,0,3,99.2
s01-h1,s02-h2,0,3,83.4
s01-h1,s02-h2,0,3,83.6
s01-h1,s02-h2,0,3,86.7
s01-h1,s02-h2,0,3,84.4
s01-h1,s02-h2,0,3,86.4
s01-h1,s02-h2,0,3,89.7
s01-h1,s02-h2,0,3,98.5
s01-h1,s02-h2,0,3,98.6
s01-h1,s02-h2,0,3,99.4
s01-h1,s02-h2,0,3,90.1
s01-h1,s02-h2,0,3,88.3
s01-h1,s02-h2,0,3,87.6
s01-h1,s02-h2,0,3,72.3
s01-h1,s02-h2,0,3,86.2
s01-h1,s02-h2,0,3,75.3
s01-h1,s02-h2,0,3,74.1
s01-h1,s02-h2,0,3,74.7
s01-h1,s02-h2,0,3,79.2
s01-h1,s02-h2,0,3,87.3
s01-h1,s02-h2,0,3,87.5
s01-h1,s02-h2,0,3,87.6
s01-h1,s02-h2,0,3,98.8
s01-h1,s02-h2,0,3,88.6
s01-h1,s02-h2,0,3,75.8
s01-h1,s02-h2,0,3,91.6
s01-h1,s02-h2,0,3,90.4
s01-h1,s02-h2,0,3,88.2
s01-h1,s02-h2,0,3,94.7
s01-h1,s02-h2,0,3,81.3
s01-h1,s02-h2,0,3,75.3
s01-h1,s02-h2,0,3,93.0
s01-h1,s02-h2,0,3,88.2
s01-h1,s02-h2,0,3,87.5
s01-h1,s02-h2,0,3,87.6
s01-h1,s02-h2,0,3,93.8
s01-h1,s02-h2,0,3,97.3
s01-h1,s02-h2,0,3,83.5
s01-h1,s02-h2,0,3,76.3
s01-h1,s02-h2,0,3,88.2
s01-h1,s02-h2,0,3,90.5
s01-h1,s02-h2,0,3,96.1
s01-h1,s02-h2,0,3,88.3
s01-h1,s02-h2,0,3,97.8
s01-h1,s02-h2,0,3,83.7
s01-h1,s02-h2,0,3,75.8
s01-h1,s02-h2,0,3,88.2
s01-h1,s02-h2,0,3,90.5
s01-h1,s02-h2,0,3,96.0
s01-h1,s02-h2,0,3,88.2
s01-h1,s02-h2,0,3,96.9
s01-h1,s02-h2,0,3,83.7
s01-h1,s02-h2,0,3,76.0
s01-h1,s02-h2,0,3,90.5
s01-h1,s02-h2,0,3,88.3
s01-h1,s02-h2,0,3,88.1
s01-h1,s02-h2,0,3,98.2
s01-h1,s02-h2,0,3,81.2
s01-h1,s02-h2,0,3,75.2
s01-h1,s02-h2,0,3,93.1
s01-h1,s02-h2,0,3,88.3
s01-h1,s02-h2,0,3,87.6
s01-h1,s02-h2,0,3,87.8
s01-h1,s02-h2,0,3,94.2
s01-h1,s02-h2,0,3,97.6
s01-h1,s02-h2,0,3,81.3
s01-h1,s02-h2,0,3,75.2
s01-h1,s02-h2,0,3,93.0
s01-h1,s02-h2,0,3,88.2
s01-h1,s02-h2,0,3,87.5
s01-h1,s02-h2,0,3,87.8
s01-h1,s02-h2,0,3,93.8
s01-h1,s02-h2,0,3,98.7
s01-h1,s02-h2,0,3,81.5
s01-h1,s02-h2,0,3,76.1
s01-h1,s02-h2,0,3,88.8
s01-h1,s02-h2,0,3,91.1
s01-h1,s02-h2,0,3,98.1
s01-h1,s02-h2,0,3,87.8
s01-h1,s02-h2,0,3,98.1
s01-h1,s02-h2,0,3,88.3
s01-h1,s02-h2,0,3,79.0
s01-h1,s02-h2,0,3,87.1
s01-h1,s02-h2,0,3,87.7
s01-h1,s02-h2,0,3,77.4
s01-h1,s02-h2,0,3,81.3
s01-h1,s02-h2,0,3,96.2
s01-h1,s02-h2,0,3,93.2
s01-h1,s02-h2,0,3,83.1
s01-h1,s02-h2,0,3,84.4
s01-h1,s02-h2,0,3,83.8
s01-h1,s02-h2,0,3,75.9
s01-h1,s02-h2,0,3,77.1
s01-h1,s02-h2,0,3,86.0
s01-h1,s02-h2,0,3,87.7
s01-h1,s02-h2,0,3,78.0
s01-h1,s02-h2,0,3,98.7
s01-h1,s02-h2,0,3,88.6
s01-h1,s02-h2,0,3,87.0
s01-h1,s02-h2,0,3,87.6
s01-h1,s02-h2,0,3,94.3
s01-h1,s02-h2,0,3,95.4
s01-h1,s02-h2,0,3,87.2
s01-h1,s02-h2,0,3,88.8
s01-h1,s02-h2,0,3,88.6
s01-h1,s02-h2,0,3,89.2
s01-h1,s02-h2,0,3,88.8
s01-h1,s02-h2,0,3,89.7
s01-h1,s02-h2,0,3,94.2
s01-h1,s02-h2,0,3,88.9
s01-h1,s02-h2,0,3,89.8
s01-h1,s02-h2,0,3,94.1
s01-h1,s02-h2,0,3,94.1
s01-h1,s02-h2,0,3,88.8
s01-h1,s02-h2,0,3,94.5
s01-h1,s02-h2,0,3,89.1
s01-h1,s02-h2,0,3,89.2
s01-h1,s02-h2,0,3,89.6
s01-h1,s02-h2,0,3,87.3
s01-h1,s02-h2,0,3,90.9
s01-h1,s02-h2,0,3,89.9
s01-h1,s02-h2,0,3,89.6
s01-h1,s02-h2,0,3,89.7
s01-h1,s02-h2,0,3,88.3
s01-h1,s02-h2,0,3,96.2
s01-h1,s02-h2,0,3,99.2
s01-h1,s02-h2,0,3,97.8
s01-h1,s03-h1,0,4,99.6
s01-h1,s03-h1,0,4,88.5
s01-h1,s03-h1,0,4,88.0
s01-h1,s03-h1,0,4,88.8
s01-h1,s03-h1,0,4,88.1
s01-h1,s03-h1,0,4,88.3
s01-h1,s03-h1,0,4,88.3
s01-h1,s03-h1,0,4,88.4
s01-h1,s03-h1,0,4,88.1
s01-h1,s03-h1,0,4,99.4
s01-h1,s03-h1,0,4,99.6
s01-h1,s03-h1,0,4,77.3
s01-h1,s03-h1,0,4,73.9
s01-h1,s03-h1,0,4,73.9
s01-h1,s03-h1,0,4,81.8
s01-h1,s03-h1,0,4,83.3
s01-h1,s03-h1,0,4,83.3
s01-h1,s03-h1,0,4,83.5
s01-h1,s03-h1,0,4,83.5
s01-h1,s03-h1,0,4,83.6
s01-h1,s03-h1,0,4,83.8
s01-h1,s03-h1,0,4,86.8
s01-h1,s03-h1,0,4,87.8
s01-h1,s03-h1,0,4,87.9
s01-h1,s03-h1,0,4,87.8
s01-h1,s03-h1,0,4,84.7
s01-h1,s03-h1,0,4,86.4
s01-h1,s03-h1,0,4,99.8
s01-h1,s03-h1,0,4,90.1
s01-h1,s03-h1,0,4,88.3
s01-h1,s03-h1,0,4,87.3
s01-h1,s03-h1,0,4,87.3
s01-h1,s03-h1,0,4,87.4
s01-h1,s03-h1,0,4,88.3
s01-h1,s03-h1,0,4,87.6
s01-h1,s03-h1,0,4,71.9
s01-h1,s03-h1,0,4,86.4
s01-h1,s03-h1,0,4,76.2
s01-h1,s03-h1,0,4,76.2
s01-h1,s03-h1,0,4,75.7
s01-h1,s03-h1,0,4,75.7
s01-h1,s03-h1,0,4,76.1
s01-h1,s03-h1,0,4,76.0
s01-h1,s03-h1,0,4,74.2
s01-h1,s03-h1,0,4,74.8
s01-h1,s03-h1,0,4,83.9
s01-h1,s03-h1,0,4,79.1
s01-h1,s03-h1,0,4,85.7
s01-h1,s03-h1,0,4,87.5
s01-h1,s03-h1,0,4,87.5
s01-h1,s03-h1,0,4,96.5
s01-h1,s03-h1,0,4,88.1
s01-h1,s03-h1,0,4,87.4
s01-h1,s03-h1,0,4,79.1
s01-h1,s03-h1,0,4,86.6
s01-h1,s03-h1,0,4,87.6
s01-h1,s03-h1,0,4,96.5
s01-h1,s03-h1,0,4,93.5
s01-h1,s03-h1,0,4,88.5
s01-h1,s03-h1,0,4,91.4
s01-h1,s03-h1,0,4,93.2
s01-h1,s03-h1,0,4,90.5
s01-h1,s03-h1,0,4,93.2
s01-h1,s03-h1,0,4,93.2
s01-h1,s03-h1,0,4,90.4
s01-h1,s03-h1,0,4,88.3
s01-h1,s03-h1,0,4,98.7
s01-h1,s03-h1,0,4,97.1
s01-h1,s03-h1,0,4,97.0
s01-h1,s03-h1,0,4,97.4
s01-h1,s03-h1,0,4,94.1
s01-h1,s03-h1,0,4,83.2
s01-h1,s03-h1,0,4,75.8
s01-h1,s03-h1,0,4,86.3
s01-h1,s03-h1,0,4,93.2
s01-h1,s03-h1,0,4,98.1
s01-h1,s03-h1,0,4,87.6
s01-h1,s03-h1,0,4,99.7
s01-h1,s03-h1,0,4,87.7
s01-h1,s03-h1,0,4,97.1
s01-h1,s03-h1,0,4,97.0
s01-h1,s03-h1,0,4,97.1
s01-h1,s03-h1,0,4,83.5
s01-h1,s03-h1,0,4,76.1
s01-h1,s03-h1,0,4,98.9
s01-h1,s03-h1,0,4,88.3
s01-h1,s03-h1,0,4,90.5
s01-h1,s03-h1,0,4,98.1
s01-h1,s03-h1,0,4,98.1
s01-h1,s03-h1,0,4,98.2
s01-h1,s03-h1,0,4,98.5
s01-h1,s03-h1,0,4,88.4
s01-h1,s03-h1,0,4,97.2
s01-h1,s03-h1,0,4,94.1
s01-h1,s03-h1,0,4,98.8
s01-h1,s03-h1,0,4,98.9
s01-h1,s03-h1,0,4,83.6
s01-h1,s03-h1,0,4,76.0
s01-h1,s03-h1,0,4,88.3
s01-h1,s03-h1,0,4,90.5
s01-h1,s03-h1,0,4,98.1
s01-h1,s03-h1,0,4,98.1
s01-h1,s03-h1,0,4,98.1
s01-h1,s03-h1,0,4,98.6
s01-h1,s03-h1,0,4,88.4
s01-h1,s03-h1,0,4,97.5
s01-h1,s03-h1,0,4,94.0
s01-h1,s03-h1,0,4,98.9
s01-h1,s03-h1,0,4,98.6
s01-h1,s03-h1,0,4,83.7
s01-h1,s03-h1,0,4,76.2
s01-h1,s03-h1,0,4,88.1
s01-h1,s03-h1,0,4,90.6
s01-h1,s03-h1,0,4,98.6
s01-h1,s03-h1,0,4,88.2
s01-h1,s03-h1,0,4,98.3
s01-h1,s03-h1,0,4,97.1
s01-h1,s03-h1,0,4,94.1
s01-h1,s03-h1,0,4,97.5
s01-h1,s03-h1,0,4,83.3
s01-h1,s03-h1,0,4,75.6
s01-h1,s03-h1,0,4,86.4
s01-h1,s03-h1,0,4,93.2
s01-h1,s03-h1,0,4,98.2
s01-h1,s03-h1,0,4,87.6
s01-h1,s03-h1,0,4,87.9
s01-h1,s03-h1,0,4,97.1
s01-h1,s03-h1,0,4,97.4
s01-h1,s03-h1,0,4,99.4
s01-h1,s03-h1,0,4,83.2
s01-h1,s03-h1,0,4,75.6
s01-h1,s03-h1,0,4,88.1
s01-h1,s03-h1,0,4,93.2
s01-h1,s03-h1,0,4,98.2
s01-h1,s03-h1,0,4,87.5
s01-h1,s03-h1,0,4,87.9
s01-h1,s03-h1,0,4,94.1
s01-h1,s03-h1,0,4,94.0
s01-h1,s03-h1,0,4,95.3
s01-h1,s03-h1,0,4,83.2
s01-h1,s03-h1,0,4,75.9
s01-h1,s03-h1,0,4,84.5
s01-h1,s03-h1,0,4,87.5
s01-h1,s03-h1,0,4,88.2
s01-h1,s03-h1,0,4,95.0
s01-h1,s03-h1,0,4,99.5
s01-h1,s03-h1,0,4,94.9
s01-h1,s03-h1,0,4,88.2
s01-h1,s03-h1,0,4,75.7
s01-h1,s03-h1,0,4,79.1
s01-h1,s03-h1,0,4,77.3
s01-h1,s03-h1,0,4,81.7
s01-h1,s03-h1,0,4,88.1
s01-h1,s03-h1,0,4,93.4
s01-h1,s03-h1,0,4,79.0
s01-h1,s03-h1,0,4,84.6
s01-h1,s03-h1,0,4,83.7
s01-h1,s03-h1,0,4,75.2
s01-h1,s03-h1,0,4,86.2
s01-h1,s03-h1,0,4,85.7
s01-h1,s03-h1,0,4,87.6
s01-h1,s03-h1,0,4,87.7
s01-h1,s03-h1,0,4,88.6
s01-h1,s03-h1,0,4,87.1
s01-h1,s03-h1,0,4,87.6
s01-h1,s03-h1,0,4,82.7
s01-h1,s03-h1,0,4,76.5
s01-h1,s03-h1,0,4,99.6
s01-h1,s03-h2,0,5,99.7
s01-h1,s03-h2,0,5,88.6
s01-h1,s03-h2,0,5,88.0
s01-h1,s03-h2,0,5,88.8
s01-h1,s03-h2,0,5,88.2
s01-h1,s03-h2,0,5,88.2
s01-h1,s03-h2,0,5,88.3
s01-h1,s03-h2,0,5,88.3
s01-h1,s03-h2,0,5,88.4
s01-h1,s03-h2,0,5,88.4
s01-h1,s03-h2,0,5,99.9
s01-h1,s03-h2,0,5,77.3
s01-h1,s03-h2,0,5,73.9
s01-h1,s03-h2,0,5,100.0
s01-h1,s03-h2,0,5,73.9
s01-h1,s03-h2,0,5,81.8
s01-h1,s03-h2,0,5,88.6
s01-h1,s03-h2,0,5,83.3
s01-h1,s03-h2,0,5,83.3
s01-h1,s03-h2,0,5,83.3
s01-h1,s03-h2,0,5,83.3
s01-h1,s03-h2,0,5,83.6
s01-h1,s03-h2,0,5,83.7
s01-h1,s03-h2,0,5,83.7
s01-h1,s03-h2,0,5,85.4
s01-h1,s03-h2,0,5,87.7
s01-h1,s03-h2,0,5,87.8
s01-h1,s03-h2,0,5,87.9
s01-h1,s03-h2,0,5,86.4
s01-h1,s03-h2,0,5,98.3
s01-h1,s03-h2,0,5,99.0
s01-h1,s03-h2,0,5,99.0
s01-h1,s03-h2,0,5,98.3
s01-h1,s03-h2,0,5,90.1
s01-h1,s03-h2,0,5,88.3
s01-h1,s03-h2,0,5,88.3
s01-h1,s03-h2,0,5,87.3
s01-h1,s03-h2,0,5,87.3
s01-h1,s03-h2,0,5,87.3
s01-h1,s03-h2,0,5,88.3
s01-h1,s03-h2,0,5,88.0
s01-h1,s03-h2,0,5,72.2
s01-h1,s03-h2,0,5,86.4
s01-h1,s03-h2,0,5,76.3
s01-h1,s03-h2,0,5,76.1
s01-h1,s03-h2,0,5,76.2
s01-h1,s03-h2,0,5,75.6
s01-h1,s03-h2,0,5,75.7
s01-h1,s03-h2,0,5,75.7
s01-h1,s03-h2,0,5,76.0
s01-h1,s03-h2,0,5,74.8
s01-h1,s03-h2,0,5,83.9
s01-h1,s03-h2,0,5,79.1
s01-h1,s03-h2,0,5,85.8
s01-h1,s03-h2,0,5,87.6
s01-h1,s03-h2,0,5,87.5
s01-h1,s03-h2,0,5,96.4
s01-h1,s03-h2,0,5,88.1
s01-h1,s03-h2,0,5,87.7
s01-h1,s03-h2,0,5,87.4
s01-h1,s03-h2,0,5,79.2
s01-h1,s03-h2,0,5,86.1
s01-h1,s03-h2,0,5,87.6
s01-h1,s03-h2,0,5,96.4
s01-h1,s03-h2,0,5,93.2
s01-h1,s03-h2,0,5,88.6
s01-h1,s03-h2,0,5,90.1
s01-h1,s03-h2,0,5,90.5
s01-h1,s03-h2,0,5,93.2
s01-h1,s03-h2,0,5,93.2
s01-h1,s03-h2,0,5,93.2
s01-h1,s03-h2,0,5,90.5
s01-h1,s03-h2,0,5,90.5
s01-h1,s03-h2,0,5,88.9
s01-h1,s03-h2,0,5,85.4
s01-h1,s03-h2,0,5,97.5
s01-h1,s03-h2,0,5,97.2
s01-h1,s03-h2,0,5,98.2
s01-h1,s03-h2,0,5,97.0
s01-h1,s03-h2,0,5,94.0
s01-h1,s03-h2,0,5,97.3
s01-h1,s03-h2,0,5,83.3
s01-h1,s03-h2,0,5,75.8
s01-h1,s03-h2,0,5,93.2
s01-h1,s03-h2,0,5,98.0
s01-h1,s03-h2,0,5,98.1
s01-h1,s03-h2,0,5,87.3
s01-h1,s03-h2,0,5,88.1
s01-h1,s03-h2,0,5,87.7
s01-h1,s03-h2,0,5,97.0
s01-h1,s03-h2,0,5,97.1
s01-h1,s03-h2,0,5,98.8
s01-h1,s03-h2,0,5,99.2
s01-h1,s03-h2,0,5,83.6
s01-h1,s03-h2,0,5,76.2
s01-h1,s03-h2,0,5,99.5
s01-h1,s03-h2,0,5,99.5
s01-h1,s03-h2,0,5,99.6
s01-h1,s03-h2,0,5,88.3
s01-h1,s03-h2,0,5,90.5
s01-h1,s03-h2,0,5,98.1
s01-h1,s03-h2,0,5,98.2
s01-h1,s03-h2,0,5,98.2
s01-h1,s03-h2,0,5,98.5
s01-h1,s03-h2,0,5,88.4
s01-h1,s03-h2,0,5,97.2
s01-h1,s03-h2,0,5,97.3
s01-h1,s03-h2,0,5,94.0
s01-h1,s03-h2,0,5,99.2
s01-h1,s03-h2,0,5,83.7
s01-h1,s03-h2,0,5,76.0
s01-h1,s03-h2,0,5,99.6
s01-h1,s03-h2,0,5,88.3
s01-h1,s03-h2,0,5,90.4
s01-h1,s03-h2,0,5,98.0
s01-h1,s03-h2,0,5,98.1
s01-h1,s03-h2,0,5,98.2
s01-h1,s03-h2,0,5,98.6
s01-h1,s03-h2,0,5,88.3
s01-h1,s03-h2,0,5,99.9
s01-h1,s03-h2,0,5,97.5
s01-h1,s03-h2,0,5,93.9
s01-h1,s03-h2,0,5,97.6
s01-h1,s03-h2,0,5,98.8
s01-h1,s03-h2,0,5,83.7
s01-h1,s03-h2,0,5,76.2
s01-h1,s03-h2,0,5,90.5
s01-h1,s03-h2,0,5,98.5
s01-h1,s03-h2,0,5,98.6
s01-h1,s03-h2,0,5,88.3
s01-h1,s03-h2,0,5,88.2
s01-h1,s03-h2,0,5,98.2
s01-h1,s03-h2,0,5,97.1
s01-h1,s03-h2,0,5,94.1
s01-h1,s03-h2,0,5,97.2
s01-h1,s03-h2,0,5,83.3
s01-h1,s03-h2,0,5,75.7
s01-h1,s03-h2,0,5,93.2
s01-h1,s03-h2,0,5,98.2
s01-h1,s03-h2,0,5,98.2
s01-h1,s03-h2,0,5,87.3
s01-h1,s03-h2,0,5,88.1
s01-h1,s03-h2,0,5,87.9
s01-h1,s03-h2,0,5,97.3
s01-h1,s03-h2,0,5,97.6
s01-h1,s03-h2,0,5,97.2
s01-h1,s03-h2,0,5,97.3
s01-h1,s03-h2,0,5,83.3
s01-h1,s03-h2,0,5,75.7
s01-h1,s03-h2,0,5,93.2
s01-h1,s03-h2,0,5,98.1
s01-h1,s03-h2,0,5,98.2
s01-h1,s03-h2,0,5,87.2
s01-h1,s03-h2,0,5,88.0
s01-h1,s03-h2,0,5,87.8
s01-h1,s03-h2,0,5,94.0
s01-h1,s03-h2,0,5,93.9
s01-h1,s03-h2,0,5,94.1
s01-h1,s03-h2,0,5,94.0
s01-h1,s03-h2,0,5,83.3
s01-h1,s03-h2,0,5,75.9
s01-h1,s03-h2,0,5,84.5
s01-h1,s03-h2,0,5,87.4
s01-h1,s03-h2,0,5,99.8
s01-h1,s03-h2,0,5,88.2
s01-h1,s03-h2,0,5,94.9
s01-h1,s03-h2,0,5,94.9
s01-h1,s03-h2,0,5,88.2
s01-h1,s03-h2,0,5,75.7
s01-h1,s03-h2,0,5,79.1
s01-h1,s03-h2,0,5,87.1
s01-h1,s03-h2,0,5,87.7
s01-h1,s03-h2,0,5,77.3
s01-h1,s03-h2,0,5,81.8
s01-h1,s03-h2,0,5,88.1
s01-h1,s03-h2,0,5,93.3
s01-h1,s03-h2,0,5,79.1
s01-h1,s03-h2,0,5,83.0
s01-h1,s03-h2,0,5,84.7
s01-h1,s03-h2,0,5,83.8
s01-h1,s03-h2,0,5,75.6
s01-h1,s03-h2,0,5,77.4
s01-h1,s03-h2,0,5,86.3
s01-h1,s03-h2,0,5,85.7
s01-h1,s03-h2,0,5,87.6
s01-h1,s03-h2,0,5,78.1
s01-h1,s03-h2,0,5,87.7
s01-h1,s03-h2,0,5,88.6
s01-h1,s03-h2,0,5,87.1
s01-h1,s03-h2,0,5,87.6
s01-h1,s03-h2,0,5,78.0
s01-h1,s03-h2,0,5,99.7
s01-h1,s03-h2,0,5,82.7
s01-h1,s03-h2,0,5,88.8
s01-h1,s03-h2,0,5,86.3
s01-h1,s03-h2,0,5,88.1
s01-h1,s03-h2,0,5,88.5
s01-h1,s03-h2,0,5,88.3
s01-h1,s03-h2,0,5,86.0
s01-h1,s03-h2,0,5,88.7
s01-h1,s03-h2,0,5,100.0
s01-h1,s04-h1,0,6,99.7
s01-h1,s04-h1,0,6,88.5
s01-h1,s04-h1,0,6,88.0
s01-h1,s04-h1,0,6,88.8
s01-h1,s04-h1,0,6,88.1
s01-h1,s04-h1,0,6,88.3
s01-h1,s04-h1,0,6,99.8
s01-h1,s04-h1,0,6,77.4
s01-h1,s04-h1,0,6,73.9
s01-h1,s04-h1,0,6,73.9
s01-h1,s04-h1,0,6,81.9
s01-h1,s04-h1,0,6,88.6
s01-h1,s04-h1,0,6,99.5
s01-h1,s04-h1,0,6,83.3
s01-h1,s04-h1,0,6,83.4
s01-h1,s04-h1,0,6,83.8
s01-h1,s04-h1,0,6,87.7
s01-h1,s04-h1,0,6,87.8
s01-h1,s04-h1,0,6,87.9
s01-h1,s04-h1,0,6,84.7
s01-h1,s04-h1,0,6,86.3
s01-h1,s04-h1,0,6,98.3
s01-h1,s04-h1,0,6,99.6
s01-h1,s04-h1,0,6,98.2
s01-h1,s04-h1,0,6,90.1
s01-h1,s04-h1,0,6,87.3
s01-h1,s04-h1,0,6,87.5
s01-h1,s04-h1,0,6,87.6
s01-h1,s04-h1,0,6,72.2
s01-h1,s04-h1,0,6,86.4
s01-h1,s04-h1,0,6,76.2
s01-h1,s04-h1,0,6,75.6
s01-h1,s04-h1,0,6,76.1
s01-h1,s04-h1,0,6,74.2
s01-h1,s04-h1,0,6,74.8
s01-h1,s04-h1,0,6,83.9
s01-h1,s04-h1,0,6,79.1
s01-h1,s04-h1,0,6,85.7
s01-h1,s04-h1,0,6,87.3
s01-h1,s04-h1,0,6,87.5
s01-h1,s04-h1,0,6,96.7
s01-h1,s04-h1,0,6,88.1
s01-h1,s04-h1,0,6,87.7
s01-h1,s04-h1,0,6,87.4
s01-h1,s04-h1,0,6,79.3
s01-h1,s04-h1,0,6,86.4
s01-h1,s04-h1,0,6,87.6
s01-h1,s04-h1,0,6,96.5
s01-h1,s04-h1,0,6,93.2
s01-h1,s04-h1,0,6,99.7
s01-h1,s04-h1,0,6,88.6
s01-h1,s04-h1,0,6,91.6
s01-h1,s04-h1,0,6,93.2
s01-h1,s04-h1,0,6,93.2
s01-h1,s04-h1,0,6,88.3
s01-h1,s04-h1,0,6,85.4
s01-h1,s04-h1,0,6,97.1
s01-h1,s04-h1,0,6,94.0
s01-h1,s04-h1,0,6,97.3
s01-h1,s04-h1,0,6,83.3
s01-h1,s04-h1,0,6,75.9
s01-h1,s04-h1,0,6,98.3
s01-h1,s04-h1,0,6,97.2
s01-h1,s04-h1,0,6,88.2
s01-h1,s04-h1,0,6,87.6
s01-h1,s04-h1,0,6,87.7
s01-h1,s04-h1,0,6,83.6
s01-h1,s04-h1,0,6,76.2
s01-h1,s04-h1,0,6,96.9
s01-h1,s04-h1,0,6,98.0
s01-h1,s04-h1,0,6,88.2
s01-h1,s04-h1,0,6,90.5
s01-h1,s04-h1,0,6,98.2
s01-h1,s04-h1,0,6,98.2
s01-h1,s04-h1,0,6,88.4
s01-h1,s04-h1,0,6,94.0
s01-h1,s04-h1,0,6,97.3
s01-h1,s04-h1,0,6,98.8
s01-h1,s04-h1,0,6,83.7
s01-h1,s04-h1,0,6,76.1
s01-h1,s04-h1,0,6,97.2
s01-h1,s04-h1,0,6,88.2
s01-h1,s04-h1,0,6,90.5
s01-h1,s04-h1,0,6,98.2
s01-h1,s04-h1,0,6,98.1
s01-h1,s04-h1,0,6,88.4
s01-h1,s04-h1,0,6,93.9
s01-h1,s04-h1,0,6,97.6
s01-h1,s04-h1,0,6,98.7
s01-h1,s04-h1,0,6,83.7
s01-h1,s04-h1,0,6,76.3
s01-h1,s04-h1,0,6,97.8
s01-h1,s04-h1,0,6,90.5
s01-h1,s04-h1,0,6,88.3
s01-h1,s04-h1,0,6,88.2
s01-h1,s04-h1,0,6,97.1
s01-h1,s04-h1,0,6,94.0
s01-h1,s04-h1,0,6,97.2
s01-h1,s04-h1,0,6,83.3
s01-h1,s04-h1,0,6,75.7
s01-h1,s04-h1,0,6,99.8
s01-h1,s04-h1,0,6,96.0
s01-h1,s04-h1,0,6,88.2
s01-h1,s04-h1,0,6,87.3
s01-h1,s04-h1,0,6,88.0
s01-h1,s04-h1,0,6,83.3
s01-h1,s04-h1,0,6,75.7
s01-h1,s04-h1,0,6,97.0
s01-h1,s04-h1,0,6,94.2
s01-h1,s04-h1,0,6,88.1
s01-h1,s04-h1,0,6,87.2
s01-h1,s04-h1,0,6,87.9
s01-h1,s04-h1,0,6,83.3
s01-h1,s04-h1,0,6,76.0
s01-h1,s04-h1,0,6,89.8
s01-h1,s04-h1,0,6,84.5
s01-h1,s04-h1,0,6,87.4
s01-h1,s04-h1,0,6,87.9
s01-h1,s04-h1,0,6,98.5
s01-h1,s04-h1,0,6,88.2
s01-h1,s04-h1,0,6,75.7
s01-h1,s04-h1,0,6,79.1
s01-h1,s04-h1,0,6,87.1
s01-h1,s04-h1,0,6,87.6
s01-h1,s04-h1,0,6,77.3
s01-h1,s04-h1,0,6,81.8
s01-h1,s04-h1,0,6,99.4
s01-h1,s04-h1,0,6,88.1
s01-h1,s04-h1,0,6,93.2
s01-h1,s04-h1,0,6,79.1
s01-h1,s04-h1,0,6,82.7
s01-h1,s04-h1,0,6,84.7
s01-h1,s04-h1,0,6,83.7
s01-h1,s04-h1,0,6,75.7
s01-h1,s04-h1,0,6,77.3
s01-h1,s04-h1,0,6,99.7
s01-h1,s04-h1,0,6,86.0
s01-h1,s04-h1,0,6,85.7
s01-h1,s04-h1,0,6,87.6
s01-h1,s04-h1,0,6,78.0
s01-h1,s04-h1,0,6,87.7
s01-h1,s04-h1,0,6,88.6
s01-h1,s04-h1,0,6,87.1
s01-h1,s04-h1,0,6,87.7
s01-h1,s04-h1,0,6,78.0
s01-h1,s04-h1,0,6,82.8
s01-h1,s04-h1,0,6,99.7
s01-h1,s04-h1,0,6,99.9
s01-h1,s04-h2,0,7,99.6
s01-h1,s04-h2,0,7,88.5
s01-h1,s04-h2,0,7,88.0
s01-h1,s04-h2,0,7,88.8
s01-h1,s04-h2,0,7,88.2
s01-h1,s04-h2,0,7,88.3
s01-h1,s04-h2,0,7,88.4
s01-h1,s04-h2,0,7,88.2
s01-h1,s04-h2,0,7,88.4
s01-h1,s04-h2,0,7,99.8
s01-h1,s04-h2,0,7,77.3
s01-h1,s04-h2,0,7,73.9
s01-h1,s04-h2,0,7,73.9
s01-h1,s04-h2,0,7,81.8
s01-h1,s04-h2,0,7,88.6
s01-h1,s04-h2,0,7,99.4
s01-h1,s04-h2,0,7,83.3
s01-h1,s04-h2,0,7,83.3
s01-h1,s04-h2,0,7,83.4
s01-h1,s04-h2,0,7,83.6
s01-h1,s04-h2,0,7,83.7
s01-h1,s04-h2,0,7,83.8
s01-h1,s04-h2,0,7,87.9
s01-h1,s04-h2,0,7,87.8
s01-h1,s04-h2,0,7,87.8
s01-h1,s04-h2,0,7,84.7
s01-h1,s04-h2,0,7,86.4
s01-h1,s04-h2,0,7,98.2
s01-h1,s04-h2,0,7,98.7
s01-h1,s04-h2,0,7,99.8
s01-h1,s04-h2,0,7,90.2
s01-h1,s04-h2,0,7,88.2
s01-h1,s04-h2,0,7,88.3
s01-h1,s04-h2,0,7,87.3
s01-h1,s04-h2,0,7,87.5
s01-h1,s04-h2,0,7,87.4
s01-h1,s04-h2,0,7,87.6
s01-h1,s04-h2,0,7,72.3
s01-h1,s04-h2,0,7,86.4
s01-h1,s04-h2,0,7,76.1
s01-h1,s04-h2,0,7,76.2
s01-h1,s04-h2,0,7,75.7
s01-h1,s04-h2,0,7,75.7
s01-h1,s04-h2,0,7,75.7
s01-h1,s04-h2,0,7,76.0
s01-h1,s04-h2,0,7,74.2
s01-h1,s04-h2,0,7,74.8
s01-h1,s04-h2,0,7,83.9
s01-h1,s04-h2,0,7,79.0
s01-h1,s04-h2,0,7,85.7
s01-h1,s04-h2,0,7,87.5
s01-h1,s04-h2,0,7,87.5
s01-h1,s04-h2,0,7,96.6
s01-h1,s04-h2,0,7,88.2
s01-h1,s04-h2,0,7,87.7
s01-h1,s04-h2,0,7,87.3
s01-h1,s04-h2,0,7,79.3
s01-h1,s04-h2,0,7,86.5
s01-h1,s04-h2,0,7,87.5
s01-h1,s04-h2,0,7,96.4
s01-h1,s04-h2,0,7,93.2
s01-h1,s04-h2,0,7,88.5
s01-h1,s04-h2,0,7,91.5
s01-h1,s04-h2,0,7,93.2
s01-h1,s04-h2,0,7,93.2
s01-h1,s04-h2,0,7,93.2
s01-h1,s04-h2,0,7,90.4
s01-h1,s04-h2,0,7,90.4
s01-h1,s04-h2,0,7,88.3
s01-h1,s04-h2,0,7,85.4
s01-h1,s04-h2,0,7,97.1
s01-h1,s04-h2,0,7,99.1
s01-h1,s04-h2,0,7,97.1
s01-h1,s04-h2,0,7,97.0
s01-h1,s04-h2,0,7,94.0
s01-h1,s04-h2,0,7,83.3
s01-h1,s04-h2,0,7,75.4
s01-h1,s04-h2,0,7,93.2
s01-h1,s04-h2,0,7,98.0
s01-h1,s04-h2,0,7,98.0
s01-h1,s04-h2,0,7,88.2
s01-h1,s04-h2,0,7,87.6
s01-h1,s04-h2,0,7,87.7
s01-h1,s04-h2,0,7,97.0
s01-h1,s04-h2,0,7,97.0
s01-h1,s04-h2,0,7,97.1
s01-h1,s04-h2,0,7,83.6
s01-h1,s04-h2,0,7,76.3
s01-h1,s04-h2,0,7,98.9
s01-h1,s04-h2,0,7,98.8
s01-h1,s04-h2,0,7,88.3
s01-h1,s04-h2,0,7,90.5
s01-h1,s04-h2,0,7,98.1
s01-h1,s04-h2,0,7,98.0
s01-h1,s04-h2,0,7,98.2
s01-h1,s04-h2,0,7,88.4
s01-h1,s04-h2,0,7,97.2
s01-h1,s04-h2,0,7,94.1
s01-h1,s04-h2,0,7,99.0
s01-h1,s04-h2,0,7,99.0
s01-h1,s04-h2,0,7,83.7
s01-h1,s04-h2,0,7,76.2
s01-h1,s04-h2,0,7,88.3
s01-h1,s04-h2,0,7,90.5
s01-h1,s04-h2,0,7,98.1
s01-h1,s04-h2,0,7,98.0
s01-h1,s04-h2,0,7,98.1
s01-h1,s04-h2,0,7,88.4
s01-h1,s04-h2,0,7,97.5
s01-h1,s04-h2,0,7,94.0
s01-h1,s04-h2,0,7,98.7
s01-h1,s04-h2,0,7,98.8
s01-h1,s04-h2,0,7,83.7
s01-h1,s04-h2,0,7,76.3
s01-h1,s04-h2,0,7,90.5
s01-h1,s04-h2,0,7,98.2
s01-h1,s04-h2,0,7,99.1
s01-h1,s04-h2,0,7,88.3
s01-h1,s04-h2,0,7,88.2
s01-h1,s04-h2,0,7,98.2
s01-h1,s04-h2,0,7,97.1
s01-h1,s04-h2,0,7,97.1
s01-h1,s04-h2,0,7,94.1
s01-h1,s04-h2,0,7,83.3
s01-h1,s04-h2,0,7,75.3
s01-h1,s04-h2,0,7,93.2
s01-h1,s04-h2,0,7,98.1
s01-h1,s04-h2,0,7,98.2
s01-h1,s04-h2,0,7,88.2
s01-h1,s04-h2,0,7,87.6
s01-h1,s04-h2,0,7,87.9
s01-h1,s04-h2,0,7,99.3
s01-h1,s04-h2,0,7,97.3
s01-h1,s04-h2,0,7,97.1
s01-h1,s04-h2,0,7,83.3
s01-h1,s04-h2,0,7,75.3
s01-h1,s04-h2,0,7,93.2
s01-h1,s04-h2,0,7,98.0
s01-h1,s04-h2,0,7,98.1
s01-h1,s04-h2,0,7,88.1
s01-h1,s04-h2,0,7,87.5
s01-h1,s04-h2,0,7,87.9
s01-h1,s04-h2,0,7,94.0
s01-h1,s04-h2,0,7,94.1
s01-h1,s04-h2,0,7,94.0
s01-h1,s04-h2,0,7,83.3
s01-h1,s04-h2,0,7,76.1
s01-h1,s04-h2,0,7,84.5
s01-h1,s04-h2,0,7,87.4
s01-h1,s04-h2,0,7,88.3
s01-h1,s04-h2,0,7,95.0
s01-h1,s04-h2,0,7,98.8
s01-h1,s04-h2,0,7,94.9
s01-h1,s04-h2,0,7,88.2
s01-h1,s04-h2,0,7,75.7
s01-h1,s04-h2,0,7,79.2
s01-h1,s04-h2,0,7,87.1
s01-h1,s04-h2,0,7,87.6
s01-h1,s04-h2,0,7,77.4
s01-h1,s04-h2,0,7,81.7
s01-h1,s04-h2,0,7,99.8
s01-h1,s04-h2,0,7,88.1
s01-h1,s04-h2,0,7,93.3
s01-h1,s04-h2,0,7,79.1
s01-h1,s04-h2,0,7,84.7
s01-h1,s04-h2,0,7,83.8
s01-h1,s04-h2,0,7,75.6
s01-h1,s04-h2,0,7,85.9
s01-h1,s04-h2,0,7,86.0
s01-h1,s04-h2,0,7,87.6
s01-h1,s04-h2,0,7,87.7
s01-h1,s04-h2,0,7,88.6
s01-h1,s04-h2,0,7,87.1
s01-h1,s04-h2,0,7,87.6
s01-h1,s04-h2,0,7,78.0
s01-h1,s04-h2,0,7,82.8
s01-h1,s04-h2,0,7,77.3
s01-h2,s02-h1,1,2,99.1
s01-h2,s02-h1,1,2,88.6
s01-h2,s02-h1,1,2,87.9
s01-h2,s02-h1,1,2,89.1
s01-h2,s02-h1,1,2,98.9
s01-h2,s02-h1,1,2,77.3
s01-h2,s02-h1,1,2,74.0
s01-h2,s02-h1,1,2,99.2
s01-h2,s02-h1,1,2,73.8
s01-h2,s02-h1,1,2,81.8
s01-h2,s02-h1,1,2,88.6
s01-h2,s02-h1,1,2,99.2
s01-h2,s02-h1,1,2,83.5
s01-h2,s02-h1,1,2,87.8
s01-h2,s02-h1,1,2,84.4
s01-h2,s02-h1,1,2,86.4
s01-h2,s02-h1,1,2,89.6
s01-h2,s02-h1,1,2,98.5
s01-h2,s02-h1,1,2,98.5
s01-h2,s02-h1,1,2,96.1
s01-h2,s02-h1,1,2,96.2
s01-h2,s02-h1,1,2,87.7
s01-h2,s02-h1,1,2,94.0
s01-h2,s02-h1,1,2,81.3
s01-h2,s02-h1,1,2,75.4
s01-h2,s02-h1,1,2,94.2
s01-h2,s02-h1,1,2,88.2
s01-h2,s02-h1,1,2,87.6
s01-h2,s02-h1,1,2,87.6
s01-h2,s02-h1,1,2,83.6
s01-h2,s02-h1,1,2,76.0
s01-h2,s02-h1,1,2,88.2
s01-h2,s02-h1,1,2,90.7
s01-h2,s02-h1,1,2,88.3
s01-h2,s02-h1,1,2,94.4
s01-h2,s02-h1,1,2,83.7
s01-h2,s02-h1,1,2,75.9
s01-h2,s02-h1,1,2,88.2
s01-h2,s02-h1,1,2,90.7
s01-h2,s02-h1,1,2,88.3
s01-h2,s02-h1,1,2,94.3
s01-h2,s02-h1,1,2,83.8
s01-h2,s02-h1,1,2,76.5
s01-h2,s02-h1,1,2,90.7
s01-h2,s02-h1,1,2,88.2
s01-h2,s02-h1,1,2,88.1
s01-h2,s02-h1,1,2,94.1
s01-h2,s02-h1,1,2,81.2
s01-h2,s02-h1,1,2,75.2
s01-h2,s02-h1,1,2,98.1
s01-h2,s02-h1,1,2,88.2
s01-h2,s02-h1,1,2,87.6
s01-h2,s02-h1,1,2,87.6
s01-h2,s02-h1,1,2,81.6
s01-h2,s02-h1,1,2,76.2
s01-h2,s02-h1,1,2,88.7
s01-h2,s02-h1,1,2,91.1
s01-h2,s02-h1,1,2,98.0
s01-h2,s02-h1,1,2,87.9
s01-h2,s02-h1,1,2,98.1
s01-h2,s02-h1,1,2,88.2
s01-h2,s02-h1,1,2,79.0
s01-h2,s02-h1,1,2,87.1
s01-h2,s02-h1,1,2,87.7
s01-h2,s02-h1,1,2,77.5
s01-h2,s02-h1,1,2,81.3
s01-h2,s02-h1,1,2,96.2
s01-h2,s02-h1,1,2,93.1
s01-h2,s02-h1,1,2,83.1
s01-h2,s02-h1,1,2,84.9
s01-h2,s02-h1,1,2,83.8
s01-h2,s02-h1,1,2,75.9
s01-h2,s02-h1,1,2,86.0
s01-h2,s02-h1,1,2,87.6
s01-h2,s02-h1,1,2,78.0
s01-h2,s02-h1,1,2,98.7
s01-h2,s02-h1,1,2,88.6
s01-h2,s02-h1,1,2,87.0
s01-h2,s02-h1,1,2,87.6
s01-h2,s02-h1,1,2,94.6
s01-h2,s02-h1,1,2,98.5
s01-h2,s02-h1,1,2,87.2
s01-h2,s02-h1,1,2,87.9
s01-h2,s02-h1,1,2,88.7
s01-h2,s02-h1,1,2,89.1
s01-h2,s02-h1,1,2,90.5
s01-h2,s02-h1,1,2,91.3
s01-h2,s02-h1,1,2,89.0
s01-h2,s02-h1,1,2,89.1
s01-h2,s02-h1,1,2,88.6
s01-h2,s02-h1,1,2,90.2
s01-h2,s02-h1,1,2,89.6
s01-h2,s02-h1,1,2,85.6
s01-h2,s02-h1,1,2,91.0
s01-h2,s02-h1,1,2,88.4
s01-h2,s02-h2,1,3,99.1
s01-h2,s02-h2,1,3,88.7
s01-h2,s02-h2,1,3,87.9
s01-h2,s02-h2,1,3,89.1
s01-h2,s02-h2,1,3,88.1
s01-h2,s02-h2,1,3,98.8
s01-h2,s02-h2,1,3,97.5
s01-h2,s02-h2,1,3,77.3
s01-h2,s02-h2,1,3,74.0
s01-h2,s02-h2,1,3,99.2
s01-h2,s02-h2,1,3,73.9
s01-h2,s02-h2,1,3,81.8
s01-h2,s02-h2,1,3,88.6
s01-h2,s02-h2,1,3,99.2
s01-h2,s02-h2,1,3,83.4
s01-h2,s02-h2,1,3,83.6
s01-h2,s02-h2,1,3,86.7
s01-h2,s02-h2,1,3,84.4
s01-h2,s02-h2,1,3,86.4
s01-h2,s02-h2,1,3,89.7
s01-h2,s02-h2,1,3,98.5
s01-h2,s02-h2,1,3,98.6
s01-h2,s02-h2,1,3,96.1
s01-h2,s02-h2,1,3,97.4
s01-h2,s02-h2,1,3,90.5
s01-h2,s02-h2,1,3,87.7
s01-h2,s02-h2,1,3,94.7
s01-h2,s02-h2,1,3,81.3
s01-h2,s02-h2,1,3,75.4
s01-h2,s02-h2,1,3,93.0
s01-h2,s02-h2,1,3,88.2
s01-h2,s02-h2,1,3,87.5
s01-h2,s02-h2,1,3,87.6
s01-h2,s02-h2,1,3,93.8
s01-h2,s02-h2,1,3,97.3
s01-h2,s02-h2,1,3,83.5
s01-h2,s02-h2,1,3,75.9
s01-h2,s02-h2,1,3,88.2
s01-h2,s02-h2,1,3,90.5
s01-h2,s02-h2,1,3,96.1
s01-h2,s02-h2,1,3,88.3
s01-h2,s02-h2,1,3,97.8
s01-h2,s02-h2,1,3,83.7
s01-h2,s02-h2,1,3,75.9
s01-h2,s02-h2,1,3,88.2
s01-h2,s02-h2,1,3,90.5
s01-h2,s02-h2,1,3,96.0
s01-h2,s02-h2,1,3,88.2
s01-h2,s02-h2,1,3,96.9
s01-h2,s02-h2,1,3,83.7
s01-h2,s02-h2,1,3,76.4
s01-h2,s02-h2,1,3,90.5
s01-h2,s02-h2,1,3,88.3
s01-h2,s02-h2,1,3,88.1
s01-h2,s02-h2,1,3,98.2
s01-h2,s02-h2,1,3,81.2
s01-h2,s02-h2,1,3,75.2
s01-h2,s02-h2,1,3,93.1
s01-h2,s02-h2,1,3,88.3
s01-h2,s02-h2,1,3,87.6
s01-h2,s02-h2,1,3,87.6
s01-h2,s02-h2,1,3,94.0
s01-h2,s02-h2,1,3,98.7
s01-h2,s02-h2,1,3,81.5
s01-h2,s02-h2,1,3,76.2
s01-h2,s02-h2,1,3,88.8
s01-h2,s02-h2,1,3,91.1
s01-h2,s02-h2,1,3,98.0
s01-h2,s02-h2,1,3,87.9
s01-h2,s02-h2,1,3,98.1
s01-h2,s02-h2,1,3,88.3
s01-h2,s02-h2,1,3,79.0
s01-h2,s02-h2,1,3,87.1
s01-h2,s02-h2,1,3,87.7
s01-h2,s02-h2,1,3,77.4
s01-h2,s02-h2,1,3,81.3
s01-h2,s02-h2,1,3,96.2
s01-h2,s02-h2,1,3,93.0
s01-h2,s02-h2,1,3,83.1
s01-h2,s02-h2,1,3,84.5
s01-h2,s02-h2,1,3,83.8
s01-h2,s02-h2,1,3,76.0
s01-h2,s02-h2,1,3,86.0
s01-h2,s02-h2,1,3,87.6
s01-h2,s02-h2,1,3,78.0
s01-h2,s02-h2,1,3,98.7
s01-h2,s02-h2,1,3,88.7
s01-h2,s02-h2,1,3,87.0
s01-h2,s02-h2,1,3,87.6
s01-h2,s02-h2,1,3,94.4
s01-h2,s02-h2,1,3,98.4
s01-h2,s02-h2,1,3,87.2
s01-h2,s02-h2,1,3,88.4
s01-h2,s02-h2,1,3,88.7
s01-h2,s02-h2,1,3,88.5
s01-h2,s02-h2,1,3,89.1
s01-h2,s02-h2,1,3,90.1
s01-h2,s02-h2,1,3,90.2
s01-h2,s02-h2,1,3,90.9
s01-h2,s02-h2,1,3,89.0
s01-h2,s02-h2,1,3,89.1
s01-h2,s02-h2,1,3,88.6
s01-h2,s02-h2,1,3,90.2
s01-h2,s02-h2,1,3,89.6
s01-h2,s02-h2,1,3,85.6
s01-h2,s02-h2,1,3,91.0
s01-h2,s02-h2,1,3,88.4
s01-h2,s02-h2,1,3,98.9
s01-h2,s03-h1,1,4,99.7
s01-h2,s03-h1,1,4,88.5
s01-h2,s03-h1,1,4,88.0
s01-h2,s03-h1,1,4,89.0
s01-h2,s03-h1,1,4,88.2
s01-h2,s03-h1,1,4,88.3
s01-h2,s03-h1,1,4,88.1
s01-h2,s03-h1,1,4,87.7
s01-h2,s03-h1,1,4,87.9
s01-h2,s03-h1,1,4,99.4
s01-h2,s03-h1,1,4,99.7
s01-h2,s03-h1,1,4,99.5
s01-h2,s03-h1,1,4,77.3
s01-h2,s03-h1,1,4,73.9
s01-h2,s03-h1,1,4,73.9
s01-h2,s03-h1,1,4,81.8
s01-h2,s03-h1,1,4,83.3
s01-h2,s03-h1,1,4,83.3
s01-h2,s03-h1,1,4,83.5
s01-h2,s03-h1,1,4,83.5
s01-h2,s03-h1,1,4,83.6
s01-h2,s03-h1,1,4,83.8
s01-h2,s03-h1,1,4,86.8
s01-h2,s03-h1,1,4,87.8
s01-h2,s03-h1,1,4,87.9
s01-h2,s03-h1,1,4,87.8
s01-h2,s03-h1,1,4,84.7
s01-h2,s03-h1,1,4,86.4
s01-h2,s03-h1,1,4,95.2
s01-h2,s03-h1,1,4,99.1
s01-h2,s03-h1,1,4,90.5
s01-h2,s03-h1,1,4,93.2
s01-h2,s03-h1,1,4,90.6
s01-h2,s03-h1,1,4,93.2
s01-h2,s03-h1,1,4,93.2
s01-h2,s03-h1,1,4,87.8
s01-h2,s03-h1,1,4,98.7
s01-h2,s03-h1,1,4,97.1
s01-h2,s03-h1,1,4,97.0
s01-h2,s03-h1,1,4,97.4
s01-h2,s03-h1,1,4,94.1
s01-h2,s03-h1,1,4,83.2
s01-h2,s03-h1,1,4,75.7
s01-h2,s03-h1,1,4,86.3
s01-h2,s03-h1,1,4,93.2
s01-h2,s03-h1,1,4,98.1
s01-h2,s03-h1,1,4,87.6
s01-h2,s03-h1,1,4,87.7
s01-h2,s03-h1,1,4,97.1
s01-h2,s03-h1,1,4,97.0
s01-h2,s03-h1,1,4,97.1
s01-h2,s03-h1,1,4,83.5
s01-h2,s03-h1,1,4,76.1
s01-h2,s03-h1,1,4,98.9
s01-h2,s03-h1,1,4,88.3
s01-h2,s03-h1,1,4,90.5
s01-h2,s03-h1,1,4,98.1
s01-h2,s03-h1,1,4,98.1
s01-h2,s03-h1,1,4,98.2
s01-h2,s03-h1,1,4,98.5
s01-h2,s03-h1,1,4,88.4
s01-h2,s03-h1,1,4,97.2
s01-h2,s03-h1,1,4,94.1
s01-h2,s03-h1,1,4,98.8
s01-h2,s03-h1,1,4,98.9
s01-h2,s03-h1,1,4,83.7
s01-h2,s03-h1,1,4,76.0
s01-h2,s03-h1,1,4,88.3
s01-h2,s03-h1,1,4,90.5
s01-h2,s03-h1,1,4,98.1
s01-h2,s03-h1,1,4,98.1
s01-h2,s03-h1,1,4,98.1
s01-h2,s03-h1,1,4,98.6
s01-h2,s03-h1,1,4,88.4
s01-h2,s03-h1,1,4,97.5
s01-h2,s03-h1,1,4,94.0
s01-h2,s03-h1,1,4,98.9
s01-h2,s03-h1,1,4,99.7
s01-h2,s03-h1,1,4,83.7
s01-h2,s03-h1,1,4,76.2
s01-h2,s03-h1,1,4,88.1
s01-h2,s03-h1,1,4,90.6
s01-h2,s03-h1,1,4,97.5
s01-h2,s03-h1,1,4,88.2
s01-h2,s03-h1,1,4,97.1
s01-h2,s03-h1,1,4,97.1
s01-h2,s03-h1,1,4,94.1
s01-h2,s03-h1,1,4,97.5
s01-h2,s03-h1,1,4,83.3
s01-h2,s03-h1,1,4,75.6
s01-h2,s03-h1,1,4,86.4
s01-h2,s03-h1,1,4,93.2
s01-h2,s03-h1,1,4,98.2
s01-h2,s03-h1,1,4,87.6
s01-h2,s03-h1,1,4,87.8
s01-h2,s03-h1,1,4,94.3
s01-h2,s03-h1,1,4,94.3
s01-h2,s03-h1,1,4,95.4
s01-h2,s03-h1,1,4,83.3
s01-h2,s03-h1,1,4,76.0
s01-h2,s03-h1,1,4,84.7
s01-h2,s03-h1,1,4,87.4
s01-h2,s03-h1,1,4,99.1
s01-h2,s03-h1,1,4,88.2
s01-h2,s03-h1,1,4,95.0
s01-h2,s03-h1,1,4,99.5
s01-h2,s03-h1,1,4,94.9
s01-h2,s03-h1,1,4,88.2
s01-h2,s03-h1,1,4,75.7
s01-h2,s03-h1,1,4,79.1
s01-h2,s03-h1,1,4,77.3
s01-h2,s03-h1,1,4,81.7
s01-h2,s03-h1,1,4,88.1
s01-h2,s03-h1,1,4,93.3
s01-h2,s03-h1,1,4,79.2
s01-h2,s03-h1,1,4,84.7
s01-h2,s03-h1,1,4,83.8
s01-h2,s03-h1,1,4,75.4
s01-h2,s03-h1,1,4,86.0
s01-h2,s03-h1,1,4,85.8
s01-h2,s03-h1,1,4,86.4
s01-h2,s03-h1,1,4,87.7
s01-h2,s03-h1,1,4,88.6
s01-h2,s03-h1,1,4,87.1
s01-h2,s03-h1,1,4,87.7
s01-h2,s03-h1,1,4,82.9
s01-h2,s03-h1,1,4,77.4
s01-h2,s03-h2,1,5,99.7
s01-h2,s03-h2,1,5,88.6
s01-h2,s03-h2,1,5,88.0
s01-h2,s03-h2,1,5,88.9
s01-h2,s03-h2,1,5,88.3
s01-h2,s03-h2,1,5,88.4
s01-h2,s03-h2,1,5,88.2
s01-h2,s03-h2,1,5,88.1
s01-h2,s03-h2,1,5,88.0
s01-h2,s03-h2,1,5,88.1
s01-h2,s03-h2,1,5,77.3
s01-h2,s03-h2,1,5,73.9
s01-h2,s03-h2,1,5,73.9
s01-h2,s03-h2,1,5,81.8
s01-h2,s03-h2,1,5,88.6
s01-h2,s03-h2,1,5,83.3
s01-h2,s03-h2,1,5,83.3
s01-h2,s03-h2,1,5,83.3
s01-h2,s03-h2,1,5,83.3
s01-h2,s03-h2,1,5,83.6
s01-h2,s03-h2,1,5,83.7
s01-h2,s03-h2,1,5,83.7
s01-h2,s03-h2,1,5,85.4
s01-h2,s03-h2,1,5,87.7
s01-h2,s03-h2,1,5,87.8
s01-h2,s03-h2,1,5,87.9
s01-h2,s03-h2,1,5,86.4
s01-h2,s03-h2,1,5,98.3
s01-h2,s03-h2,1,5,99.0
s01-h2,s03-h2,1,5,99.0
s01-h2,s03-h2,1,5,98.3
s01-h2,s03-h2,1,5,99.3
s01-h2,s03-h2,1,5,90.6
s01-h2,s03-h2,1,5,90.6
s01-h2,s03-h2,1,5,90.6
s01-h2,s03-h2,1,5,93.2
s01-h2,s03-h2,1,5,93.2
s01-h2,s03-h2,1,5,93.3
s01-h2,s03-h2,1,5,88.3
s01-h2,s03-h2,1,5,85.4
s01-h2,s03-h2,1,5,97.5
s01-h2,s03-h2,1,5,97.2
s01-h2,s03-h2,1,5,98.2
s01-h2,s03-h2,1,5,97.0
s01-h2,s03-h2,1,5,94.0
s01-h2,s03-h2,1,5,97.3
s01-h2,s03-h2,1,5,83.3
s01-h2,s03-h2,1,5,75.7
s01-h2,s03-h2,1,5,93.2
s01-h2,s03-h2,1,5,98.0
s01-h2,s03-h2,1,5,98.1
s01-h2,s03-h2,1,5,87.3
s01-h2,s03-h2,1,5,88.1
s01-h2,s03-h2,1,5,87.7
s01-h2,s03-h2,1,5,97.0
s01-h2,s03-h2,1,5,97.1
s01-h2,s03-h2,1,5,98.8
s01-h2,s03-h2,1,5,99.2
s01-h2,s03-h2,1,5,83.6
s01-h2,s03-h2,1,5,76.1
s01-h2,s03-h2,1,5,99.5
s01-h2,s03-h2,1,5,99.5
s01-h2,s03-h2,1,5,99.6
s01-h2,s03-h2,1,5,88.3
s01-h2,s03-h2,1,5,90.5
s01-h2,s03-h2,1,5,98.1
s01-h2,s03-h2,1,5,98.2
s01-h2,s03-h2,1,5,98.2
s01-h2,s03-h2,1,5,98.5
s01-h2,s03-h2,1,5,88.4
s01-h2,s03-h2,1,5,97.2
s01-h2,s03-h2,1,5,97.3
s01-h2,s03-h2,1,5,94.0
s01-h2,s03-h2,1,5,99.2
s01-h2,s03-h2,1,5,83.7
s01-h2,s03-h2,1,5,76.1
s01-h2,s03-h2,1,5,99.6
s01-h2,s03-h2,1,5,88.3
s01-h2,s03-h2,1,5,90.4
s01-h2,s03-h2,1,5,98.0
s01-h2,s03-h2,1,5,98.1
s01-h2,s03-h2,1,5,98.2
s01-h2,s03-h2,1,5,98.6
s01-h2,s03-h2,1,5,88.3
s01-h2,s03-h2,1,5,97.5
s01-h2,s03-h2,1,5,93.9
s01-h2,s03-h2,1,5,97.6
s01-h2,s03-h2,1,5,98.8
s01-h2,s03-h2,1,5,83.7
s01-h2,s03-h2,1,5,76.3
s01-h2,s03-h2,1,5,90.5
s01-h2,s03-h2,1,5,98.5
s01-h2,s03-h2,1,5,98.6
s01-h2,s03-h2,1,5,88.3
s01-h2,s03-h2,1,5,88.2
s01-h2,s03-h2,1,5,97.0
s01-h2,s03-h2,1,5,97.1
s01-h2,s03-h2,1,5,94.1
s01-h2,s03-h2,1,5,99.9
s01-h2,s03-h2,1,5,83.3
s01-h2,s03-h2,1,5,75.7
s01-h2,s03-h2,1,5,93.2
s01-h2,s03-h2,1,5,98.2
s01-h2,s03-h2,1,5,98.2
s01-h2,s03-h2,1,5,87.3
s01-h2,s03-h2,1,5,88.1
s01-h2,s03-h2,1,5,87.7
s01-h2,s03-h2,1,5,94.0
s01-h2,s03-h2,1,5,94.1
s01-h2,s03-h2,1,5,94.2
s01-h2,s03-h2,1,5,94.2
s01-h2,s03-h2,1,5,83.4
s01-h2,s03-h2,1,5,76.0
s01-h2,s03-h2,1,5,84.8
s01-h2,s03-h2,1,5,87.4
s01-h2,s03-h2,1,5,88.2
s01-h2,s03-h2,1,5,94.9
s01-h2,s03-h2,1,5,94.9
s01-h2,s03-h2,1,5,88.2
s01-h2,s03-h2,1,5,75.7
s01-h2,s03-h2,1,5,79.1
s01-h2,s03-h2,1,5,87.1
s01-h2,s03-h2,1,5,87.7
s01-h2,s03-h2,1,5,77.3
s01-h2,s03-h2,1,5,81.8
s01-h2,s03-h2,1,5,88.1
s01-h2,s03-h2,1,5,93.2
s01-h2,s03-h2,1,5,79.2
s01-h2,s03-h2,1,5,82.6
s01-h2,s03-h2,1,5,84.8
s01-h2,s03-h2,1,5,83.9
s01-h2,s03-h2,1,5,75.7
s01-h2,s03-h2,1,5,86.1
s01-h2,s03-h2,1,5,85.8
s01-h2,s03-h2,1,5,87.5
s01-h2,s03-h2,1,5,78.1
s01-h2,s03-h2,1,5,87.7
s01-h2,s03-h2,1,5,88.6
s01-h2,s03-h2,1,5,87.1
s01-h2,s03-h2,1,5,100.0
s01-h2,s03-h2,1,5,87.7
s01-h2,s03-h2,1,5,78.1
s01-h2,s03-h2,1,5,82.6
s01-h2,s03-h2,1,5,88.9
s01-h2,s03-h2,1,5,88.0
s01-h2,s03-h2,1,5,88.6
s01-h2,s03-h2,1,5,86.2
s01-h2,s03-h2,1,5,89.0
s01-h2,s04-h1,1,6,99.7
s01-h2,s04-h1,1,6,88.5
s01-h2,s04-h1,1,6,87.9
s01-h2,s04-h1,1,6,89.0
s01-h2,s04-h1,1,6,88.1
s01-h2,s04-h1,1,6,88.0
s01-h2,s04-h1,1,6,99.3
s01-h2,s04-h1,1,6,99.9
s01-h2,s04-h1,1,6,77.4
s01-h2,s04-h1,1,6,73.9
s01-h2,s04-h1,1,6,73.9
s01-h2,s04-h1,1,6,81.9
s01-h2,s04-h1,1,6,88.6
s01-h2,s04-h1,1,6,99.5
s01-h2,s04-h1,1,6,83.3
s01-h2,s04-h1,1,6,83.4
s01-h2,s04-h1,1,6,83.8
s01-h2,s04-h1,1,6,87.7
s01-h2,s04-h1,1,6,87.8
s01-h2,s04-h1,1,6,87.9
s01-h2,s04-h1,1,6,84.7
s01-h2,s04-h1,1,6,86.3
s01-h2,s04-h1,1,6,98.3
s01-h2,s04-h1,1,6,98.3
s01-h2,s04-h1,1,6,98.2
s01-h2,s04-h1,1,6,96.4
s01-h2,s04-h1,1,6,93.2
s01-h2,s04-h1,1,6,93.2
s01-h2,s04-h1,1,6,87.8
s01-h2,s04-h1,1,6,85.4
s01-h2,s04-h1,1,6,97.1
s01-h2,s04-h1,1,6,94.0
s01-h2,s04-h1,1,6,97.3
s01-h2,s04-h1,1,6,83.3
s01-h2,s04-h1,1,6,75.8
s01-h2,s04-h1,1,6,98.3
s01-h2,s04-h1,1,6,97.2
s01-h2,s04-h1,1,6,88.2
s01-h2,s04-h1,1,6,87.6
s01-h2,s04-h1,1,6,87.7
s01-h2,s04-h1,1,6,83.6
s01-h2,s04-h1,1,6,76.2
s01-h2,s04-h1,1,6,96.9
s01-h2,s04-h1,1,6,98.0
s01-h2,s04-h1,1,6,88.2
s01-h2,s04-h1,1,6,90.5
s01-h2,s04-h1,1,6,98.2
s01-h2,s04-h1,1,6,98.2
s01-h2,s04-h1,1,6,88.4
s01-h2,s04-h1,1,6,94.0
s01-h2,s04-h1,1,6,97.3
s01-h2,s04-h1,1,6,98.8
s01-h2,s04-h1,1,6,83.7
s01-h2,s04-h1,1,6,76.1
s01-h2,s04-h1,1,6,97.2
s01-h2,s04-h1,1,6,88.2
s01-h2,s04-h1,1,6,90.5
s01-h2,s04-h1,1,6,98.2
s01-h2,s04-h1,1,6,98.1
s01-h2,s04-h1,1,6,88.4
s01-h2,s04-h1,1,6,93.9
s01-h2,s04-h1,1,6,97.6
s01-h2,s04-h1,1,6,98.7
s01-h2,s04-h1,1,6,83.7
s01-h2,s04-h1,1,6,76.3
s01-h2,s04-h1,1,6,97.8
s01-h2,s04-h1,1,6,90.5
s01-h2,s04-h1,1,6,88.3
s01-h2,s04-h1,1,6,88.2
s01-h2,s04-h1,1,6,97.1
s01-h2,s04-h1,1,6,94.0
s01-h2,s04-h1,1,6,99.5
s01-h2,s04-h1,1,6,83.3
s01-h2,s04-h1,1,6,75.7
s01-h2,s04-h1,1,6,97.2
s01-h2,s04-h1,1,6,94.0
s01-h2,s04-h1,1,6,88.2
s01-h2,s04-h1,1,6,87.3
s01-h2,s04-h1,1,6,87.8
s01-h2,s04-h1,1,6,83.4
s01-h2,s04-h1,1,6,76.1
s01-h2,s04-h1,1,6,89.8
s01-h2,s04-h1,1,6,84.7
s01-h2,s04-h1,1,6,87.4
s01-h2,s04-h1,1,6,98.8
s01-h2,s04-h1,1,6,87.9
s01-h2,s04-h1,1,6,98.5
s01-h2,s04-h1,1,6,88.2
s01-h2,s04-h1,1,6,75.7
s01-h2,s04-h1,1,6,79.1
s01-h2,s04-h1,1,6,87.1
s01-h2,s04-h1,1,6,87.6
s01-h2,s04-h1,1,6,77.3
s01-h2,s04-h1,1,6,81.8
s01-h2,s04-h1,1,6,99.7
s01-h2,s04-h1,1,6,88.1
s01-h2,s04-h1,1,6,93.1
s01-h2,s04-h1,1,6,79.2
s01-h2,s04-h1,1,6,82.7
s01-h2,s04-h1,1,6,84.8
s01-h2,s04-h1,1,6,83.8
s01-h2,s04-h1,1,6,75.8
s01-h2,s04-h1,1,6,86.6
s01-h2,s04-h1,1,6,85.8
s01-h2,s04-h1,1,6,86.4
s01-h2,s04-h1,1,6,78.0
s01-h2,s04-h1,1,6,87.7
s01-h2,s04-h1,1,6,88.6
s01-h2,s04-h1,1,6,87.1
s01-h2,s04-h1,1,6,87.7
s01-h2,s04-h1,1,6,78.1
s01-h2,s04-h1,1,6,83.0
s01-h2,s04-h1,1,6,99.8
s01-h2,s04-h2,1,7,99.7
s01-h2,s04-h2,1,7,88.5
s01-h2,s04-h2,1,7,88.0
s01-h2,s04-h2,1,7,89.0
s01-h2,s04-h2,1,7,88.3
s01-h2,s04-h2,1,7,88.3
s01-h2,s04-h2,1,7,88.0
s01-h2,s04-h2,1,7,88.1
s01-h2,s04-h2,1,7,88.1
s01-h2,s04-h2,1,7,99.7
s01-h2,s04-h2,1,7,77.3
s01-h2,s04-h2,1,7,73.9
s01-h2,s04-h2,1,7,73.9
s01-h2,s04-h2,1,7,81.8
s01-h2,s04-h2,1,7,88.6
s01-h2,s04-h2,1,7,99.4
s01-h2,s04-h2,1,7,83.3
s01-h2,s04-h2,1,7,83.3
s01-h2,s04-h2,1,7,83.4
s01-h2,s04-h2,1,7,83.6
s01-h2,s04-h2,1,7,83.7
s01-h2,s04-h2,1,7,83.8
s01-h2,s04-h2,1,7,87.9
s01-h2,s04-h2,1,7,87.8
s01-h2,s04-h2,1,7,87.8
s01-h2,s04-h2,1,7,84.7
s01-h2,s04-h2,1,7,86.4
s01-h2,s04-h2,1,7,98.2
s01-h2,s04-h2,1,7,97.5
s01-h2,s04-h2,1,7,99.1
s01-h2,s04-h2,1,7,90.5
s01-h2,s04-h2,1,7,90.5
s01-h2,s04-h2,1,7,93.1
s01-h2,s04-h2,1,7,93.1
s01-h2,s04-h2,1,7,93.2
s01-h2,s04-h2,1,7,87.8
s01-h2,s04-h2,1,7,85.4
s01-h2,s04-h2,1,7,97.1
s01-h2,s04-h2,1,7,99.1
s01-h2,s04-h2,1,7,97.1
s01-h2,s04-h2,1,7,97.0
s01-h2,s04-h2,1,7,94.0
s01-h2,s04-h2,1,7,83.3
s01-h2,s04-h2,1,7,75.3
s01-h2,s04-h2,1,7,93.2
s01-h2,s04-h2,1,7,98.0
s01-h2,s04-h2,1,7,98.0
s01-h2,s04-h2,1,7,88.2
s01-h2,s04-h2,1,7,87.6
s01-h2,s04-h2,1,7,87.7
s01-h2,s04-h2,1,7,97.0
s01-h2,s04-h2,1,7,97.0
s01-h2,s04-h2,1,7,97.1
s01-h2,s04-h2,1,7,83.6
s01-h2,s04-h2,1,7,76.2
s01-h2,s04-h2,1,7,98.9
s01-h2,s04-h2,1,7,98.8
s01-h2,s04-h2,1,7,88.3
s01-h2,s04-h2,1,7,90.5
s01-h2,s04-h2,1,7,98.1
s01-h2,s04-h2,1,7,98.0
s01-h2,s04-h2,1,7,98.2
s01-h2,s04-h2,1,7,88.4
s01-h2,s04-h2,1,7,97.2
s01-h2,s04-h2,1,7,94.1
s01-h2,s04-h2,1,7,99.0
s01-h2,s04-h2,1,7,99.0
s01-h2,s04-h2,1,7,83.7
s01-h2,s04-h2,1,7,76.2
s01-h2,s04-h2,1,7,88.3
s01-h2,s04-h2,1,7,90.5
s01-h2,s04-h2,1,7,98.1
s01-h2,s04-h2,1,7,98.0
s01-h2,s04-h2,1,7,98.1
s01-h2,s04-h2,1,7,88.4
s01-h2,s04-h2,1,7,97.5
s01-h2,s04-h2,1,7,94.0
s01-h2,s04-h2,1,7,98.8
s01-h2,s04-h2,1,7,98.7
s01-h2,s04-h2,1,7,83.7
s01-h2,s04-h2,1,7,76.4
s01-h2,s04-h2,1,7,90.5
s01-h2,s04-h2,1,7,99.7
s01-h2,s04-h2,1,7,98.1
s01-h2,s04-h2,1,7,88.3
s01-h2,s04-h2,1,7,88.2
s01-h2,s04-h2,1,7,97.0
s01-h2,s04-h2,1,7,97.1
s01-h2,s04-h2,1,7,97.1
s01-h2,s04-h2,1,7,94.1
s01-h2,s04-h2,1,7,83.3
s01-h2,s04-h2,1,7,75.3
s01-h2,s04-h2,1,7,93.2
s01-h2,s04-h2,1,7,98.1
s01-h2,s04-h2,1,7,98.2
s01-h2,s04-h2,1,7,88.2
s01-h2,s04-h2,1,7,87.6
s01-h2,s04-h2,1,7,87.8
s01-h2,s04-h2,1,7,94.2
s01-h2,s04-h2,1,7,94.2
s01-h2,s04-h2,1,7,94.2
s01-h2,s04-h2,1,7,83.4
s01-h2,s04-h2,1,7,75.7
s01-h2,s04-h2,1,7,84.7
s01-h2,s04-h2,1,7,87.4
s01-h2,s04-h2,1,7,99.0
s01-h2,s04-h2,1,7,88.3
s01-h2,s04-h2,1,7,95.0
s01-h2,s04-h2,1,7,98.8
s01-h2,s04-h2,1,7,94.9
s01-h2,s04-h2,1,7,88.2
s01-h2,s04-h2,1,7,75.7
s01-h2,s04-h2,1,7,79.2
s01-h2,s04-h2,1,7,87.1
s01-h2,s04-h2,1,7,87.6
s01-h2,s04-h2,1,7,77.4
s01-h2,s04-h2,1,7,81.7
s01-h2,s04-h2,1,7,99.8
s01-h2,s04-h2,1,7,88.1
s01-h2,s04-h2,1,7,99.7
s01-h2,s04-h2,1,7,93.2
s01-h2,s04-h2,1,7,79.2
s01-h2,s04-h2,1,7,84.8
s01-h2,s04-h2,1,7,83.8
s01-h2,s04-h2,1,7,75.7
s01-h2,s04-h2,1,7,86.5
s01-h2,s04-h2,1,7,86.0
s01-h2,s04-h2,1,7,87.5
s01-h2,s04-h2,1,7,87.7
s01-h2,s04-h2,1,7,88.6
s01-h2,s04-h2,1,7,87.1
s01-h2,s04-h2,1,7,87.7
s01-h2,s04-h2,1,7,78.1
s01-h2,s04-h2,1,7,82.9
s01-h2,s04-h2,1,7,77.4
s02-h1,s02-h2,2,3,91.4
s02-h1,s02-h2,2,3,88.8
s02-h1,s02-h2,2,3,99.9
s02-h1,s02-h2,2,3,90.6
s02-h1,s02-h2,2,3,89.1
s02-h1,s02-h2,2,3,87.2
s02-h1,s02-h2,2,3,90.2
s02-h1,s02-h2,2,3,89.9
s02-h1,s02-h2,2,3,88.7
s02-h1,s02-h2,2,3,90.9
s02-h1,s02-h2,2,3,89.7
s02-h1,s02-h2,2,3,86.7
s02-h1,s02-h2,2,3,88.6
s02-h1,s02-h2,2,3,89.9
s02-h1,s02-h2,2,3,87.2
s02-h1,s02-h2,2,3,88.6
s02-h1,s02-h2,2,3,86.7
s02-h1,s02-h2,2,3,88.3
s02-h1,s02-h2,2,3,76.0
s02-h1,s02-h2,2,3,90.8
s02-h1,s02-h2,2,3,87.6
s02-h1,s02-h2,2,3,87.1
s02-h1,s02-h2,2,3,88.7
s02-h1,s02-h2,2,3,92.4
s02-h1,s02-h2,2,3,91.7
s02-h1,s02-h2,2,3,93.0
s02-h1,s02-h2,2,3,91.7
s02-h1,s02-h2,2,3,93.2
s02-h1,s02-h2,2,3,91.7
s02-h1,s02-h2,2,3,92.4
s02-h1,s02-h2,2,3,92.9
s02-h1,s02-h2,2,3,91.6
s02-h1,s02-h2,2,3,91.8
s02-h1,s02-h2,2,3,92.0
s02-h1,s02-h2,2,3,92.6
s02-h1,s02-h2,2,3,91.6
s02-h1,s02-h2,2,3,92.2
s02-h1,s02-h2,2,3,77.4
s02-h1,s02-h2,2,3,81.4
s02-h1,s02-h2,2,3,99.5
s02-h1,s02-h2,2,3,87.6
s02-h1,s02-h2,2,3,87.0
s02-h1,s02-h2,2,3,79.1
s02-h1,s02-h2,2,3,88.0
s02-h1,s02-h2,2,3,87.9
s02-h1,s02-h2,2,3,98.7
s02-h1,s02-h2,2,3,91.0
s02-h1,s02-h2,2,3,89.2
s02-h1,s02-h2,2,3,95.3
s02-h1,s02-h2,2,3,83.5
s02-h1,s02-h2,2,3,87.7
s02-h1,s02-h2,2,3,99.7
s02-h1,s02-h2,2,3,88.4
s02-h1,s02-h2,2,3,91.8
s02-h1,s02-h2,2,3,90.6
s02-h1,s02-h2,2,3,76.0
s02-h1,s02-h2,2,3,88.6
s02-h1,s02-h2,2,3,79.1
s02-h1,s02-h2,2,3,74.0
s02-h1,s02-h2,2,3,72.2
s02-h1,s02-h2,2,3,75.6
s02-h1,s02-h2,2,3,72.3
s02-h1,s02-h2,2,3,86.2
s02-h1,s02-h2,2,3,87.6
s02-h1,s02-h2,2,3,91.5
s02-h1,s02-h2,2,3,88.3
s02-h1,s02-h2,2,3,89.5
s02-h1,s02-h2,2,3,89.5
s02-h1,s02-h2,2,3,86.7
s02-h1,s02-h2,2,3,84.5
s02-h1,s02-h2,2,3,86.3
s02-h1,s02-h2,2,3,81.4
s02-h1,s02-h2,2,3,81.7
s02-h1,s02-h2,2,3,99.8
s02-h1,s02-h2,2,3,88.6
s02-h1,s02-h2,2,3,74.0
s02-h1,s02-h2,2,3,81.4
s02-h1,s02-h2,2,3,77.4
s02-h1,s02-h2,2,3,73.9
s02-h1,s02-h2,2,3,88.3
s02-h1,s02-h2,2,3,74.3
s02-h1,s02-h2,2,3,84.5
s02-h1,s02-h2,2,3,87.6
s02-h1,s02-h2,2,3,88.1
s02-h1,s02-h2,2,3,88.6
s02-h1,s03-h1,2,4,77.3
s02-h1,s03-h1,2,4,83.0
s02-h1,s03-h1,2,4,88.8
s02-h1,s03-h1,2,4,75.8
s02-h1,s03-h1,2,4,91.1
s02-h1,s03-h1,2,4,87.7
s02-h1,s03-h1,2,4,87.2
s02-h1,s03-h1,2,4,88.6
s02-h1,s03-h1,2,4,87.3
s02-h1,s03-h1,2,4,96.0
s02-h1,s03-h1,2,4,98.1
s02-h1,s03-h1,2,4,77.3
s02-h1,s03-h1,2,4,81.6
s02-h1,s03-h1,2,4,79.2
s02-h1,s03-h1,2,4,75.8
s02-h1,s03-h1,2,4,87.8
s02-h1,s03-h1,2,4,95.0
s02-h1,s03-h1,2,4,98.2
s02-h1,s03-h1,2,4,88.1
s02-h1,s03-h1,2,4,98.1
s02-h1,s03-h1,2,4,87.6
s02-h1,s03-h1,2,4,85.0
s02-h1,s03-h1,2,4,93.8
s02-h1,s03-h1,2,4,94.0
s02-h1,s03-h1,2,4,94.1
s02-h1,s03-h1,2,4,94.1
s02-h1,s03-h1,2,4,94.2
s02-h1,s03-h1,2,4,83.5
s02-h1,s03-h1,2,4,87.8
s02-h1,s03-h1,2,4,99.0
s02-h1,s03-h1,2,4,88.5
s02-h1,s03-h1,2,4,91.6
s02-h1,s03-h1,2,4,90.7
s02-h1,s03-h1,2,4,90.7
s02-h1,s03-h1,2,4,88.6
s02-h1,s03-h1,2,4,93.4
s02-h1,s03-h1,2,4,98.8
s02-h1,s03-h1,2,4,87.6
s02-h1,s03-h1,2,4,87.6
s02-h1,s03-h1,2,4,86.0
s02-h1,s03-h1,2,4,78.9
s02-h1,s03-h1,2,4,83.8
s02-h1,s03-h1,2,4,74.1
s02-h1,s03-h1,2,4,74.9
s02-h1,s03-h1,2,4,75.4
s02-h1,s03-h1,2,4,75.2
s02-h1,s03-h1,2,4,76.0
s02-h1,s03-h1,2,4,76.4
s02-h1,s03-h1,2,4,76.2
s02-h1,s03-h1,2,4,76.2
s02-h1,s03-h1,2,4,71.9
s02-h1,s03-h1,2,4,86.4
s02-h1,s03-h1,2,4,87.6
s02-h1,s03-h1,2,4,91.6
s02-h1,s03-h1,2,4,88.2
s02-h1,s03-h1,2,4,88.2
s02-h1,s03-h1,2,4,88.3
s02-h1,s03-h1,2,4,88.2
s02-h1,s03-h1,2,4,88.3
s02-h1,s03-h1,2,4,98.6
s02-h1,s03-h1,2,4,87.7
s02-h1,s03-h1,2,4,87.7
s02-h1,s03-h1,2,4,87.8
s02-h1,s03-h1,2,4,86.8
s02-h1,s03-h1,2,4,84.6
s02-h1,s03-h1,2,4,86.2
s02-h1,s03-h1,2,4,81.2
s02-h1,s03-h1,2,4,81.4
s02-h1,s03-h1,2,4,81.6
s02-h1,s03-h1,2,4,81.5
s02-h1,s03-h1,2,4,83.6
s02-h1,s03-h1,2,4,83.8
s02-h1,s03-h1,2,4,99.2
s02-h1,s03-h1,2,4,74.0
s02-h1,s03-h1,2,4,81.3
s02-h1,s03-h1,2,4,99.0
s02-h1,s03-h1,2,4,77.5
s02-h1,s03-h1,2,4,73.8
s02-h1,s03-h1,2,4,84.5
s02-h1,s03-h1,2,4,87.6
s02-h1,s03-h1,2,4,87.4
s02-h1,s03-h1,2,4,87.5
s02-h1,s03-h1,2,4,88.2
s02-h1,s03-h1,2,4,74.2
s02-h1,s03-h1,2,4,87.6
s02-h1,s03-h1,2,4,88.1
s02-h1,s03-h1,2,4,88.2
s02-h1,s03-h1,2,4,88.5
s02-h1,s03-h2,2,5,86.3
s02-h1,s03-h2,2,5,88.7
s02-h1,s03-h2,2,5,88.1
s02-h1,s03-h2,2,5,87.8
s02-h1,s03-h2,2,5,98.5
s02-h1,s03-h2,2,5,83.1
s02-h1,s03-h2,2,5,88.7
s02-h1,s03-h2,2,5,75.8
s02-h1,s03-h2,2,5,91.1
s02-h1,s03-h2,2,5,98.7
s02-h1,s03-h2,2,5,78.0
s02-h1,s03-h2,2,5,87.7
s02-h1,s03-h2,2,5,87.1
s02-h1,s03-h2,2,5,88.6
s02-h1,s03-h2,2,5,87.3
s02-h1,s03-h2,2,5,96.2
s02-h1,s03-h2,2,5,98.1
s02-h1,s03-h2,2,5,77.3
s02-h1,s03-h2,2,5,81.8
s02-h1,s03-h2,2,5,87.6
s02-h1,s03-h2,2,5,87.0
s02-h1,s03-h2,2,5,79.2
s02-h1,s03-h2,2,5,75.9
s02-h1,s03-h2,2,5,87.9
s02-h1,s03-h2,2,5,98.0
s02-h1,s03-h2,2,5,88.2
s02-h1,s03-h2,2,5,98.0
s02-h1,s03-h2,2,5,87.6
s02-h1,s03-h2,2,5,85.0
s02-h1,s03-h2,2,5,94.3
s02-h1,s03-h2,2,5,94.0
s02-h1,s03-h2,2,5,94.1
s02-h1,s03-h2,2,5,94.1
s02-h1,s03-h2,2,5,94.4
s02-h1,s03-h2,2,5,94.2
s02-h1,s03-h2,2,5,83.5
s02-h1,s03-h2,2,5,87.8
s02-h1,s03-h2,2,5,99.0
s02-h1,s03-h2,2,5,90.3
s02-h1,s03-h2,2,5,89.1
s02-h1,s03-h2,2,5,90.7
s02-h1,s03-h2,2,5,90.7
s02-h1,s03-h2,2,5,90.7
s02-h1,s03-h2,2,5,88.6
s02-h1,s03-h2,2,5,93.1
s02-h1,s03-h2,2,5,99.3
s02-h1,s03-h2,2,5,87.6
s02-h1,s03-h2,2,5,87.6
s02-h1,s03-h2,2,5,86.0
s02-h1,s03-h2,2,5,79.0
s02-h1,s03-h2,2,5,83.8
s02-h1,s03-h2,2,5,74.9
s02-h1,s03-h2,2,5,75.3
s02-h1,s03-h2,2,5,75.2
s02-h1,s03-h2,2,5,75.2
s02-h1,s03-h2,2,5,76.1
s02-h1,s03-h2,2,5,76.4
s02-h1,s03-h2,2,5,76.3
s02-h1,s03-h2,2,5,76.1
s02-h1,s03-h2,2,5,72.2
s02-h1,s03-h2,2,5,86.4
s02-h1,s03-h2,2,5,87.9
s02-h1,s03-h2,2,5,91.5
s02-h1,s03-h2,2,5,88.2
s02-h1,s03-h2,2,5,88.3
s02-h1,s03-h2,2,5,88.2
s02-h1,s03-h2,2,5,88.2
s02-h1,s03-h2,2,5,88.3
s02-h1,s03-h2,2,5,88.3
s02-h1,s03-h2,2,5,89.6
s02-h1,s03-h2,2,5,98.5
s02-h1,s03-h2,2,5,98.5
s02-h1,s03-h2,2,5,99.2
s02-h1,s03-h2,2,5,87.7
s02-h1,s03-h2,2,5,87.6
s02-h1,s03-h2,2,5,87.8
s02-h1,s03-h2,2,5,86.2
s02-h1,s03-h2,2,5,81.2
s02-h1,s03-h2,2,5,81.3
s02-h1,s03-h2,2,5,81.3
s02-h1,s03-h2,2,5,81.5
s02-h1,s03-h2,2,5,83.6
s02-h1,s03-h2,2,5,83.7
s02-h1,s03-h2,2,5,83.8
s02-h1,s03-h2,2,5,99.2
s02-h1,s03-h2,2,5,88.6
s02-h1,s03-h2,2,5,74.0
s02-h1,s03-h2,2,5,81.3
s02-h1,s03-h2,2,5,97.9
s02-h1,s03-h2,2,5,77.5
s02-h1,s03-h2,2,5,73.8
s02-h1,s03-h2,2,5,99.0
s02-h1,s03-h2,2,5,84.4
s02-h1,s03-h2,2,5,87.6
s02-h1,s03-h2,2,5,87.6
s02-h1,s03-h2,2,5,87.5
s02-h1,s03-h2,2,5,88.2
s02-h1,s03-h2,2,5,74.2
s02-h1,s03-h2,2,5,87.6
s02-h1,s03-h2,2,5,99.1
s02-h1,s03-h2,2,5,88.3
s02-h1,s03-h2,2,5,88.3
s02-h1,s03-h2,2,5,88.1
s02-h1,s03-h2,2,5,88.6
s02-h1,s04-h1,2,6,98.7
s02-h1,s04-h1,2,6,83.1
s02-h1,s04-h1,2,6,88.7
s02-h1,s04-h1,2,6,75.8
s02-h1,s04-h1,2,6,91.1
s02-h1,s04-h1,2,6,98.8
s02-h1,s04-h1,2,6,78.0
s02-h1,s04-h1,2,6,87.7
s02-h1,s04-h1,2,6,87.1
s02-h1,s04-h1,2,6,88.6
s02-h1,s04-h1,2,6,87.3
s02-h1,s04-h1,2,6,95.2
s02-h1,s04-h1,2,6,90.9
s02-h1,s04-h1,2,6,91.6
s02-h1,s04-h1,2,6,91.9
s02-h1,s04-h1,2,6,91.1
s02-h1,s04-h1,2,6,90.8
s02-h1,s04-h1,2,6,91.0
s02-h1,s04-h1,2,6,91.2
s02-h1,s04-h1,2,6,91.3
s02-h1,s04-h1,2,6,91.0
s02-h1,s04-h1,2,6,91.1
s02-h1,s04-h1,2,6,91.5
s02-h1,s04-h1,2,6,91.2
s02-h1,s04-h1,2,6,91.2
s02-h1,s04-h1,2,6,91.4
s02-h1,s04-h1,2,6,91.0
s02-h1,s04-h1,2,6,91.1
s02-h1,s04-h1,2,6,91.0
s02-h1,s04-h1,2,6,91.1
s02-h1,s04-h1,2,6,91.1
s02-h1,s04-h1,2,6,91.2
s02-h1,s04-h1,2,6,91.0
s02-h1,s04-h1,2,6,91.2
s02-h1,s04-h1,2,6,91.1
s02-h1,s04-h1,2,6,91.2
s02-h1,s04-h1,2,6,91.1
s02-h1,s04-h1,2,6,91.1
s02-h1,s04-h1,2,6,91.0
s02-h1,s04-h1,2,6,91.2
s02-h1,s04-h1,2,6,91.3
s02-h1,s04-h1,2,6,91.2
s02-h1,s04-h1,2,6,91.2
s02-h1,s04-h1,2,6,91.2
s02-h1,s04-h1,2,6,91.3
s02-h1,s04-h1,2,6,91.6
s02-h1,s04-h1,2,6,91.7
s02-h1,s04-h1,2,6,91.9
s02-h1,s04-h1,2,6,91.4
s02-h1,s04-h1,2,6,91.4
s02-h1,s04-h1,2,6,91.3
s02-h1,s04-h1,2,6,91.4
s02-h1,s04-h1,2,6,91.4
s02-h1,s04-h1,2,6,91.6
s02-h1,s04-h1,2,6,91.4
s02-h1,s04-h1,2,6,91.5
s02-h1,s04-h1,2,6,91.5
s02-h1,s04-h1,2,6,91.5
s02-h1,s04-h1,2,6,91.4
s02-h1,s04-h1,2,6,91.5
s02-h1,s04-h1,2,6,91.8
s02-h1,s04-h1,2,6,91.4
s02-h1,s04-h1,2,6,91.6
s02-h1,s04-h1,2,6,91.6
s02-h1,s04-h1,2,6,91.6
s02-h1,s04-h1,2,6,91.6
s02-h1,s04-h1,2,6,91.8
s02-h1,s04-h1,2,6,91.9
s02-h1,s04-h1,2,6,98.7
s02-h1,s04-h1,2,6,90.9
s02-h1,s04-h1,2,6,91.2
s02-h1,s04-h1,2,6,91.1
s02-h1,s04-h1,2,6,91.2
s02-h1,s04-h1,2,6,91.4
s02-h1,s04-h1,2,6,91.4
s02-h1,s04-h1,2,6,91.4
s02-h1,s04-h1,2,6,91.2
s02-h1,s04-h1,2,6,91.5
s02-h1,s04-h1,2,6,91.4
s02-h1,s04-h1,2,6,91.3
s02-h1,s04-h1,2,6,77.3
s02-h1,s04-h1,2,6,81.8
s02-h1,s04-h1,2,6,87.6
s02-h1,s04-h1,2,6,87.0
s02-h1,s04-h1,2,6,79.2
s02-h1,s04-h1,2,6,75.9
s02-h1,s04-h1,2,6,87.9
s02-h1,s04-h1,2,6,87.9
s02-h1,s04-h1,2,6,98.1
s02-h1,s04-h1,2,6,87.5
s02-h1,s04-h1,2,6,85.0
s02-h1,s04-h1,2,6,89.5
s02-h1,s04-h1,2,6,94.1
s02-h1,s04-h1,2,6,97.9
s02-h1,s04-h1,2,6,83.5
s02-h1,s04-h1,2,6,87.8
s02-h1,s04-h1,2,6,88.5
s02-h1,s04-h1,2,6,91.8
s02-h1,s04-h1,2,6,88.6
s02-h1,s04-h1,2,6,93.2
s02-h1,s04-h1,2,6,99.3
s02-h1,s04-h1,2,6,87.6
s02-h1,s04-h1,2,6,87.3
s02-h1,s04-h1,2,6,86.0
s02-h1,s04-h1,2,6,79.0
s02-h1,s04-h1,2,6,83.8
s02-h1,s04-h1,2,6,74.0
s02-h1,s04-h1,2,6,72.4
s02-h1,s04-h1,2,6,75.1
s02-h1,s04-h1,2,6,76.4
s02-h1,s04-h1,2,6,76.2
s02-h1,s04-h1,2,6,72.2
s02-h1,s04-h1,2,6,86.4
s02-h1,s04-h1,2,6,87.6
s02-h1,s04-h1,2,6,88.3
s02-h1,s04-h1,2,6,91.6
s02-h1,s04-h1,2,6,88.2
s02-h1,s04-h1,2,6,89.5
s02-h1,s04-h1,2,6,98.5
s02-h1,s04-h1,2,6,99.1
s02-h1,s04-h1,2,6,87.7
s02-h1,s04-h1,2,6,89.6
s02-h1,s04-h1,2,6,87.7
s02-h1,s04-h1,2,6,84.6
s02-h1,s04-h1,2,6,86.1
s02-h1,s04-h1,2,6,81.2
s02-h1,s04-h1,2,6,81.6
s02-h1,s04-h1,2,6,83.8
s02-h1,s04-h1,2,6,99.2
s02-h1,s04-h1,2,6,88.5
s02-h1,s04-h1,2,6,74.0
s02-h1,s04-h1,2,6,81.3
s02-h1,s04-h1,2,6,97.5
s02-h1,s04-h1,2,6,77.6
s02-h1,s04-h1,2,6,73.8
s02-h1,s04-h1,2,6,98.4
s02-h1,s04-h1,2,6,99.3
s02-h1,s04-h1,2,6,84.6
s02-h1,s04-h1,2,6,87.7
s02-h1,s04-h1,2,6,87.5
s02-h1,s04-h1,2,6,88.3
s02-h1,s04-h1,2,6,74.3
s02-h1,s04-h1,2,6,87.6
s02-h1,s04-h1,2,6,88.5
s02-h1,s04-h2,2,7,77.2
s02-h1,s04-h2,2,7,83.0
s02-h1,s04-h2,2,7,88.7
s02-h1,s04-h2,2,7,75.8
s02-h1,s04-h2,2,7,91.1
s02-h1,s04-h2,2,7,78.0
s02-h1,s04-h2,2,7,98.8
s02-h1,s04-h2,2,7,87.7
s02-h1,s04-h2,2,7,87.1
s02-h1,s04-h2,2,7,88.6
s02-h1,s04-h2,2,7,87.3
s02-h1,s04-h2,2,7,95.9
s02-h1,s04-h2,2,7,98.0
s02-h1,s04-h2,2,7,77.3
s02-h1,s04-h2,2,7,81.6
s02-h1,s04-h2,2,7,87.6
s02-h1,s04-h2,2,7,87.0
s02-h1,s04-h2,2,7,79.2
s02-h1,s04-h2,2,7,75.9
s02-h1,s04-h2,2,7,87.8
s02-h1,s04-h2,2,7,98.2
s02-h1,s04-h2,2,7,95.0
s02-h1,s04-h2,2,7,88.3
s02-h1,s04-h2,2,7,98.2
s02-h1,s04-h2,2,7,87.5
s02-h1,s04-h2,2,7,84.9
s02-h1,s04-h2,2,7,93.9
s02-h1,s04-h2,2,7,94.0
s02-h1,s04-h2,2,7,94.1
s02-h1,s04-h2,2,7,94.2
s02-h1,s04-h2,2,7,94.1
s02-h1,s04-h2,2,7,83.5
s02-h1,s04-h2,2,7,87.8
s02-h1,s04-h2,2,7,99.0
s02-h1,s04-h2,2,7,88.5
s02-h1,s04-h2,2,7,91.8
s02-h1,s04-h2,2,7,90.6
s02-h1,s04-h2,2,7,90.7
s02-h1,s04-h2,2,7,88.6
s02-h1,s04-h2,2,7,93.2
s02-h1,s04-h2,2,7,99.3
s02-h1,s04-h2,2,7,87.5
s02-h1,s04-h2,2,7,87.6
s02-h1,s04-h2,2,7,86.0
s02-h1,s04-h2,2,7,78.9
s02-h1,s04-h2,2,7,83.8
s02-h1,s04-h2,2,7,74.1
s02-h1,s04-h2,2,7,74.9
s02-h1,s04-h2,2,7,75.1
s02-h1,s04-h2,2,7,75.2
s02-h1,s04-h2,2,7,76.4
s02-h1,s04-h2,2,7,76.3
s02-h1,s04-h2,2,7,76.2
s02-h1,s04-h2,2,7,75.6
s02-h1,s04-h2,2,7,72.3
s02-h1,s04-h2,2,7,86.4
s02-h1,s04-h2,2,7,87.6
s02-h1,s04-h2,2,7,91.6
s02-h1,s04-h2,2,7,88.3
s02-h1,s04-h2,2,7,88.3
s02-h1,s04-h2,2,7,88.3
s02-h1,s04-h2,2,7,88.2
s02-h1,s04-h2,2,7,88.2
s02-h1,s04-h2,2,7,89.5
s02-h1,s04-h2,2,7,99.1
s02-h1,s04-h2,2,7,87.7
s02-h1,s04-h2,2,7,87.7
s02-h1,s04-h2,2,7,87.7
s02-h1,s04-h2,2,7,84.6
s02-h1,s04-h2,2,7,86.2
s02-h1,s04-h2,2,7,81.2
s02-h1,s04-h2,2,7,81.4
s02-h1,s04-h2,2,7,81.7
s02-h1,s04-h2,2,7,83.3
s02-h1,s04-h2,2,7,83.7
s02-h1,s04-h2,2,7,83.8
s02-h1,s04-h2,2,7,99.2
s02-h1,s04-h2,2,7,88.6
s02-h1,s04-h2,2,7,74.0
s02-h1,s04-h2,2,7,81.3
s02-h1,s04-h2,2,7,98.0
s02-h1,s04-h2,2,7,77.5
s02-h1,s04-h2,2,7,73.8
s02-h1,s04-h2,2,7,99.3
s02-h1,s04-h2,2,7,84.6
s02-h1,s04-h2,2,7,87.6
s02-h1,s04-h2,2,7,87.6
s02-h1,s04-h2,2,7,87.6
s02-h1,s04-h2,2,7,88.2
s02-h1,s04-h2,2,7,74.3
s02-h1,s04-h2,2,7,87.6
s02-h1,s04-h2,2,7,88.4
s02-h1,s04-h2,2,7,88.2
s02-h1,s04-h2,2,7,88.5
s02-h2,s03-h1,3,4,98.5
s02-h2,s03-h1,3,4,77.0
s02-h2,s03-h1,3,4,83.0
s02-h2,s03-h1,3,4,88.9
s02-h2,s03-h1,3,4,75.8
s02-h2,s03-h1,3,4,91.1
s02-h2,s03-h1,3,4,87.7
s02-h2,s03-h1,3,4,87.2
s02-h2,s03-h1,3,4,88.6
s02-h2,s03-h1,3,4,87.3
s02-h2,s03-h1,3,4,96.1
s02-h2,s03-h1,3,4,98.2
s02-h2,s03-h1,3,4,77.2
s02-h2,s03-h1,3,4,81.7
s02-h2,s03-h1,3,4,79.1
s02-h2,s03-h1,3,4,76.0
s02-h2,s03-h1,3,4,87.8
s02-h2,s03-h1,3,4,95.0
s02-h2,s03-h1,3,4,98.1
s02-h2,s03-h1,3,4,88.3
s02-h2,s03-h1,3,4,98.8
s02-h2,s03-h1,3,4,87.5
s02-h2,s03-h1,3,4,84.4
s02-h2,s03-h1,3,4,93.9
s02-h2,s03-h1,3,4,94.7
s02-h2,s03-h1,3,4,96.2
s02-h2,s03-h1,3,4,96.6
s02-h2,s03-h1,3,4,93.9
s02-h2,s03-h1,3,4,75.3
s02-h2,s03-h1,3,4,83.5
s02-h2,s03-h1,3,4,88.1
s02-h2,s03-h1,3,4,88.2
s02-h2,s03-h1,3,4,90.4
s02-h2,s03-h1,3,4,97.8
s02-h2,s03-h1,3,4,98.8
s02-h2,s03-h1,3,4,98.2
s02-h2,s03-h1,3,4,93.8
s02-h2,s03-h1,3,4,97.4
s02-h2,s03-h1,3,4,83.3
s02-h2,s03-h1,3,4,86.7
s02-h2,s03-h1,3,4,92.9
s02-h2,s03-h1,3,4,93.1
s02-h2,s03-h1,3,4,92.9
s02-h2,s03-h1,3,4,88.3
s02-h2,s03-h1,3,4,91.5
s02-h2,s03-h1,3,4,90.4
s02-h2,s03-h1,3,4,90.4
s02-h2,s03-h1,3,4,88.6
s02-h2,s03-h1,3,4,93.4
s02-h2,s03-h1,3,4,98.9
s02-h2,s03-h1,3,4,87.5
s02-h2,s03-h1,3,4,87.6
s02-h2,s03-h1,3,4,86.0
s02-h2,s03-h1,3,4,78.9
s02-h2,s03-h1,3,4,83.8
s02-h2,s03-h1,3,4,74.3
s02-h2,s03-h1,3,4,74.3
s02-h2,s03-h1,3,4,75.0
s02-h2,s03-h1,3,4,75.4
s02-h2,s03-h1,3,4,75.5
s02-h2,s03-h1,3,4,76.3
s02-h2,s03-h1,3,4,76.4
s02-h2,s03-h1,3,4,76.2
s02-h2,s03-h1,3,4,76.3
s02-h2,s03-h1,3,4,71.9
s02-h2,s03-h1,3,4,86.4
s02-h2,s03-h1,3,4,87.6
s02-h2,s03-h1,3,4,91.6
s02-h2,s03-h1,3,4,88.2
s02-h2,s03-h1,3,4,88.3
s02-h2,s03-h1,3,4,88.3
s02-h2,s03-h1,3,4,88.2
s02-h2,s03-h1,3,4,88.3
s02-h2,s03-h1,3,4,98.6
s02-h2,s03-h1,3,4,87.7
s02-h2,s03-h1,3,4,87.7
s02-h2,s03-h1,3,4,87.8
s02-h2,s03-h1,3,4,86.8
s02-h2,s03-h1,3,4,84.5
s02-h2,s03-h1,3,4,86.2
s02-h2,s03-h1,3,4,81.2
s02-h2,s03-h1,3,4,81.3
s02-h2,s03-h1,3,4,81.6
s02-h2,s03-h1,3,4,81.5
s02-h2,s03-h1,3,4,83.5
s02-h2,s03-h1,3,4,83.8
s02-h2,s03-h1,3,4,99.2
s02-h2,s03-h1,3,4,74.0
s02-h2,s03-h1,3,4,81.3
s02-h2,s03-h1,3,4,99.1
s02-h2,s03-h1,3,4,77.4
s02-h2,s03-h1,3,4,73.9
s02-h2,s03-h1,3,4,84.6
s02-h2,s03-h1,3,4,87.6
s02-h2,s03-h1,3,4,87.5
s02-h2,s03-h1,3,4,87.5
s02-h2,s03-h1,3,4,88.2
s02-h2,s03-h1,3,4,74.1
s02-h2,s03-h1,3,4,87.6
s02-h2,s03-h1,3,4,88.1
s02-h2,s03-h1,3,4,88.2
s02-h2,s03-h1,3,4,88.5
s02-h2,s03-h2,3,5,99.0
s02-h2,s03-h2,3,5,89.1
s02-h2,s03-h2,3,5,86.3
s02-h2,s03-h2,3,5,88.7
s02-h2,s03-h2,3,5,88.0
s02-h2,s03-h2,3,5,87.8
s02-h2,s03-h2,3,5,98.6
s02-h2,s03-h2,3,5,83.1
s02-h2,s03-h2,3,5,88.8
s02-h2,s03-h2,3,5,75.8
s02-h2,s03-h2,3,5,91.1
s02-h2,s03-h2,3,5,98.8
s02-h2,s03-h2,3,5,78.0
s02-h2,s03-h2,3,5,87.7
s02-h2,s03-h2,3,5,87.1
s02-h2,s03-h2,3,5,88.6
s02-h2,s03-h2,3,5,87.3
s02-h2,s03-h2,3,5,96.2
s02-h2,s03-h2,3,5,98.1
s02-h2,s03-h2,3,5,77.3
s02-h2,s03-h2,3,5,81.8
s02-h2,s03-h2,3,5,87.6
s02-h2,s03-h2,3,5,87.0
s02-h2,s03-h2,3,5,79.2
s02-h2,s03-h2,3,5,76.0
s02-h2,s03-h2,3,5,87.9
s02-h2,s03-h2,3,5,98.0
s02-h2,s03-h2,3,5,88.3
s02-h2,s03-h2,3,5,98.7
s02-h2,s03-h2,3,5,87.5
s02-h2,s03-h2,3,5,84.5
s02-h2,s03-h2,3,5,94.2
s02-h2,s03-h2,3,5,94.7
s02-h2,s03-h2,3,5,96.0
s02-h2,s03-h2,3,5,96.9
s02-h2,s03-h2,3,5,93.8
s02-h2,s03-h2,3,5,96.1
s02-h2,s03-h2,3,5,75.3
s02-h2,s03-h2,3,5,83.6
s02-h2,s03-h2,3,5,88.1
s02-h2,s03-h2,3,5,88.3
s02-h2,s03-h2,3,5,90.4
s02-h2,s03-h2,3,5,97.6
s02-h2,s03-h2,3,5,98.2
s02-h2,s03-h2,3,5,98.8
s02-h2,s03-h2,3,5,93.8
s02-h2,s03-h2,3,5,97.8
s02-h2,s03-h2,3,5,97.3
s02-h2,s03-h2,3,5,83.4
s02-h2,s03-h2,3,5,86.7
s02-h2,s03-h2,3,5,93.1
s02-h2,s03-h2,3,5,93.0
s02-h2,s03-h2,3,5,93.0
s02-h2,s03-h2,3,5,90.1
s02-h2,s03-h2,3,5,89.1
s02-h2,s03-h2,3,5,90.5
s02-h2,s03-h2,3,5,90.5
s02-h2,s03-h2,3,5,90.5
s02-h2,s03-h2,3,5,88.7
s02-h2,s03-h2,3,5,93.0
s02-h2,s03-h2,3,5,99.4
s02-h2,s03-h2,3,5,87.6
s02-h2,s03-h2,3,5,87.6
s02-h2,s03-h2,3,5,86.0
s02-h2,s03-h2,3,5,79.0
s02-h2,s03-h2,3,5,83.8
s02-h2,s03-h2,3,5,74.4
s02-h2,s03-h2,3,5,75.0
s02-h2,s03-h2,3,5,75.4
s02-h2,s03-h2,3,5,75.4
s02-h2,s03-h2,3,5,75.3
s02-h2,s03-h2,3,5,76.3
s02-h2,s03-h2,3,5,76.2
s02-h2,s03-h2,3,5,76.4
s02-h2,s03-h2,3,5,76.2
s02-h2,s03-h2,3,5,72.2
s02-h2,s03-h2,3,5,86.4
s02-h2,s03-h2,3,5,87.9
s02-h2,s03-h2,3,5,91.6
s02-h2,s03-h2,3,5,88.2
s02-h2,s03-h2,3,5,88.3
s02-h2,s03-h2,3,5,88.3
s02-h2,s03-h2,3,5,88.3
s02-h2,s03-h2,3,5,88.3
s02-h2,s03-h2,3,5,88.3
s02-h2,s03-h2,3,5,89.7
s02-h2,s03-h2,3,5,98.5
s02-h2,s03-h2,3,5,98.6
s02-h2,s03-h2,3,5,99.2
s02-h2,s03-h2,3,5,87.8
s02-h2,s03-h2,3,5,87.6
s02-h2,s03-h2,3,5,87.8
s02-h2,s03-h2,3,5,86.2
s02-h2,s03-h2,3,5,81.2
s02-h2,s03-h2,3,5,81.3
s02-h2,s03-h2,3,5,81.3
s02-h2,s03-h2,3,5,81.5
s02-h2,s03-h2,3,5,83.5
s02-h2,s03-h2,3,5,83.7
s02-h2,s03-h2,3,5,83.7
s02-h2,s03-h2,3,5,99.2
s02-h2,s03-h2,3,5,88.7
s02-h2,s03-h2,3,5,74.0
s02-h2,s03-h2,3,5,81.3
s02-h2,s03-h2,3,5,98.8
s02-h2,s03-h2,3,5,77.4
s02-h2,s03-h2,3,5,73.9
s02-h2,s03-h2,3,5,84.4
s02-h2,s03-h2,3,5,87.6
s02-h2,s03-h2,3,5,87.5
s02-h2,s03-h2,3,5,87.5
s02-h2,s03-h2,3,5,88.2
s02-h2,s03-h2,3,5,74.1
s02-h2,s03-h2,3,5,87.6
s02-h2,s03-h2,3,5,99.1
s02-h2,s03-h2,3,5,88.3
s02-h2,s03-h2,3,5,88.2
s02-h2,s03-h2,3,5,88.1
s02-h2,s03-h2,3,5,88.6
s02-h2,s04-h1,3,6,99.0
s02-h2,s04-h1,3,6,98.7
s02-h2,s04-h1,3,6,83.1
s02-h2,s04-h1,3,6,88.8
s02-h2,s04-h1,3,6,75.8
s02-h2,s04-h1,3,6,91.1
s02-h2,s04-h1,3,6,98.7
s02-h2,s04-h1,3,6,78.0
s02-h2,s04-h1,3,6,87.7
s02-h2,s04-h1,3,6,87.1
s02-h2,s04-h1,3,6,88.6
s02-h2,s04-h1,3,6,87.3
s02-h2,s04-h1,3,6,95.3
s02-h2,s04-h1,3,6,91.0
s02-h2,s04-h1,3,6,91.6
s02-h2,s04-h1,3,6,92.0
s02-h2,s04-h1,3,6,91.1
s02-h2,s04-h1,3,6,90.8
s02-h2,s04-h1,3,6,91.1
s02-h2,s04-h1,3,6,91.3
s02-h2,s04-h1,3,6,91.3
s02-h2,s04-h1,3,6,91.1
s02-h2,s04-h1,3,6,91.2
s02-h2,s04-h1,3,6,91.5
s02-h2,s04-h1,3,6,91.2
s02-h2,s04-h1,3,6,91.2
s02-h2,s04-h1,3,6,91.4
s02-h2,s04-h1,3,6,91.0
s02-h2,s04-h1,3,6,91.1
s02-h2,s04-h1,3,6,91.1
s02-h2,s04-h1,3,6,91.1
s02-h2,s04-h1,3,6,91.2
s02-h2,s04-h1,3,6,91.2
s02-h2,s04-h1,3,6,91.1
s02-h2,s04-h1,3,6,91.2
s02-h2,s04-h1,3,6,91.2
s02-h2,s04-h1,3,6,91.2
s02-h2,s04-h1,3,6,91.2
s02-h2,s04-h1,3,6,91.2
s02-h2,s04-h1,3,6,91.1
s02-h2,s04-h1,3,6,91.3
s02-h2,s04-h1,3,6,91.2
s02-h2,s04-h1,3,6,91.3
s02-h2,s04-h1,3,6,91.3
s02-h2,s04-h1,3,6,91.3
s02-h2,s04-h1,3,6,91.3
s02-h2,s04-h1,3,6,91.6
s02-h2,s04-h1,3,6,91.8
s02-h2,s04-h1,3,6,91.3
s02-h2,s04-h1,3,6,92.0
s02-h2,s04-h1,3,6,91.4
s02-h2,s04-h1,3,6,91.4
s02-h2,s04-h1,3,6,91.5
s02-h2,s04-h1,3,6,91.5
s02-h2,s04-h1,3,6,91.6
s02-h2,s04-h1,3,6,91.4
s02-h2,s04-h1,3,6,91.5
s02-h2,s04-h1,3,6,91.5
s02-h2,s04-h1,3,6,91.5
s02-h2,s04-h1,3,6,91.5
s02-h2,s04-h1,3,6,91.5
s02-h2,s04-h1,3,6,91.8
s02-h2,s04-h1,3,6,91.5
s02-h2,s04-h1,3,6,91.6
s02-h2,s04-h1,3,6,91.6
s02-h2,s04-h1,3,6,91.7
s02-h2,s04-h1,3,6,91.7
s02-h2,s04-h1,3,6,91.8
s02-h2,s04-h1,3,6,92.0
s02-h2,s04-h1,3,6,98.7
s02-h2,s04-h1,3,6,91.0
s02-h2,s04-h1,3,6,91.2
s02-h2,s04-h1,3,6,91.2
s02-h2,s04-h1,3,6,91.2
s02-h2,s04-h1,3,6,91.4
s02-h2,s04-h1,3,6,91.4
s02-h2,s04-h1,3,6,91.5
s02-h2,s04-h1,3,6,91.3
s02-h2,s04-h1,3,6,91.5
s02-h2,s04-h1,3,6,91.4
s02-h2,s04-h1,3,6,91.4
s02-h2,s04-h1,3,6,77.2
s02-h2,s04-h1,3,6,81.8
s02-h2,s04-h1,3,6,87.6
s02-h2,s04-h1,3,6,87.0
s02-h2,s04-h1,3,6,79.1
s02-h2,s04-h1,3,6,76.0
s02-h2,s04-h1,3,6,87.9
s02-h2,s04-h1,3,6,88.0
s02-h2,s04-h1,3,6,98.7
s02-h2,s04-h1,3,6,87.6
s02-h2,s04-h1,3,6,84.5
s02-h2,s04-h1,3,6,90.5
s02-h2,s04-h1,3,6,94.2
s02-h2,s04-h1,3,6,94.0
s02-h2,s04-h1,3,6,75.4
s02-h2,s04-h1,3,6,83.6
s02-h2,s04-h1,3,6,87.6
s02-h2,s04-h1,3,6,88.2
s02-h2,s04-h1,3,6,90.4
s02-h2,s04-h1,3,6,97.6
s02-h2,s04-h1,3,6,97.9
s02-h2,s04-h1,3,6,93.8
s02-h2,s04-h1,3,6,97.3
s02-h2,s04-h1,3,6,83.4
s02-h2,s04-h1,3,6,86.7
s02-h2,s04-h1,3,6,93.0
s02-h2,s04-h1,3,6,93.1
s02-h2,s04-h1,3,6,99.2
s02-h2,s04-h1,3,6,88.3
s02-h2,s04-h1,3,6,91.6
s02-h2,s04-h1,3,6,88.7
s02-h2,s04-h1,3,6,93.1
s02-h2,s04-h1,3,6,99.3
s02-h2,s04-h1,3,6,87.6
s02-h2,s04-h1,3,6,87.3
s02-h2,s04-h1,3,6,86.0
s02-h2,s04-h1,3,6,79.0
s02-h2,s04-h1,3,6,83.8
s02-h2,s04-h1,3,6,74.4
s02-h2,s04-h1,3,6,74.3
s02-h2,s04-h1,3,6,72.5
s02-h2,s04-h1,3,6,75.3
s02-h2,s04-h1,3,6,76.3
s02-h2,s04-h1,3,6,76.3
s02-h2,s04-h1,3,6,72.2
s02-h2,s04-h1,3,6,86.5
s02-h2,s04-h1,3,6,87.6
s02-h2,s04-h1,3,6,88.3
s02-h2,s04-h1,3,6,91.6
s02-h2,s04-h1,3,6,88.2
s02-h2,s04-h1,3,6,89.6
s02-h2,s04-h1,3,6,98.6
s02-h2,s04-h1,3,6,99.3
s02-h2,s04-h1,3,6,87.7
s02-h2,s04-h1,3,6,89.7
s02-h2,s04-h1,3,6,87.8
s02-h2,s04-h1,3,6,84.5
s02-h2,s04-h1,3,6,86.1
s02-h2,s04-h1,3,6,81.2
s02-h2,s04-h1,3,6,81.5
s02-h2,s04-h1,3,6,83.7
s02-h2,s04-h1,3,6,99.2
s02-h2,s04-h1,3,6,88.6
s02-h2,s04-h1,3,6,74.0
s02-h2,s04-h1,3,6,81.3
s02-h2,s04-h1,3,6,98.9
s02-h2,s04-h1,3,6,77.5
s02-h2,s04-h1,3,6,73.9
s02-h2,s04-h1,3,6,84.6
s02-h2,s04-h1,3,6,87.7
s02-h2,s04-h1,3,6,87.5
s02-h2,s04-h1,3,6,88.3
s02-h2,s04-h1,3,6,74.1
s02-h2,s04-h1,3,6,87.6
s02-h2,s04-h1,3,6,88.5
s02-h2,s04-h2,3,7,77.1
s02-h2,s04-h2,3,7,83.0
s02-h2,s04-h2,3,7,88.8
s02-h2,s04-h2,3,7,75.8
s02-h2,s04-h2,3,7,91.1
s02-h2,s04-h2,3,7,78.0
s02-h2,s04-h2,3,7,98.7
s02-h2,s04-h2,3,7,87.7
s02-h2,s04-h2,3,7,87.1
s02-h2,s04-h2,3,7,88.6
s02-h2,s04-h2,3,7,87.3
s02-h2,s04-h2,3,7,95.9
s02-h2,s04-h2,3,7,98.1
s02-h2,s04-h2,3,7,77.3
s02-h2,s04-h2,3,7,81.6
s02-h2,s04-h2,3,7,87.6
s02-h2,s04-h2,3,7,87.1
s02-h2,s04-h2,3,7,79.1
s02-h2,s04-h2,3,7,76.0
s02-h2,s04-h2,3,7,87.8
s02-h2,s04-h2,3,7,95.0
s02-h2,s04-h2,3,7,98.2
s02-h2,s04-h2,3,7,88.4
s02-h2,s04-h2,3,7,98.8
s02-h2,s04-h2,3,7,87.5
s02-h2,s04-h2,3,7,84.4
s02-h2,s04-h2,3,7,94.6
s02-h2,s04-h2,3,7,96.2
s02-h2,s04-h2,3,7,96.2
s02-h2,s04-h2,3,7,93.9
s02-h2,s04-h2,3,7,93.9
s02-h2,s04-h2,3,7,75.4
s02-h2,s04-h2,3,7,83.6
s02-h2,s04-h2,3,7,88.1
s02-h2,s04-h2,3,7,88.3
s02-h2,s04-h2,3,7,90.4
s02-h2,s04-h2,3,7,98.2
s02-h2,s04-h2,3,7,98.2
s02-h2,s04-h2,3,7,98.8
s02-h2,s04-h2,3,7,93.8
s02-h2,s04-h2,3,7,97.2
s02-h2,s04-h2,3,7,97.2
s02-h2,s04-h2,3,7,83.4
s02-h2,s04-h2,3,7,86.7
s02-h2,s04-h2,3,7,93.1
s02-h2,s04-h2,3,7,93.1
s02-h2,s04-h2,3,7,93.0
s02-h2,s04-h2,3,7,88.3
s02-h2,s04-h2,3,7,91.6
s02-h2,s04-h2,3,7,90.4
s02-h2,s04-h2,3,7,90.5
s02-h2,s04-h2,3,7,88.6
s02-h2,s04-h2,3,7,93.1
s02-h2,s04-h2,3,7,99.3
s02-h2,s04-h2,3,7,87.5
s02-h2,s04-h2,3,7,87.6
s02-h2,s04-h2,3,7,86.0
s02-h2,s04-h2,3,7,78.9
s02-h2,s04-h2,3,7,83.8
s02-h2,s04-h2,3,7,74.4
s02-h2,s04-h2,3,7,74.3
s02-h2,s04-h2,3,7,75.0
s02-h2,s04-h2,3,7,75.3
s02-h2,s04-h2,3,7,75.4
s02-h2,s04-h2,3,7,76.3
s02-h2,s04-h2,3,7,76.3
s02-h2,s04-h2,3,7,75.8
s02-h2,s04-h2,3,7,76.2
s02-h2,s04-h2,3,7,72.2
s02-h2,s04-h2,3,7,86.5
s02-h2,s04-h2,3,7,87.6
s02-h2,s04-h2,3,7,91.6
s02-h2,s04-h2,3,7,88.3
s02-h2,s04-h2,3,7,88.3
s02-h2,s04-h2,3,7,88.3
s02-h2,s04-h2,3,7,88.3
s02-h2,s04-h2,3,7,88.2
s02-h2,s04-h2,3,7,89.6
s02-h2,s04-h2,3,7,99.3
s02-h2,s04-h2,3,7,87.7
s02-h2,s04-h2,3,7,87.7
s02-h2,s04-h2,3,7,87.8
s02-h2,s04-h2,3,7,84.5
s02-h2,s04-h2,3,7,86.2
s02-h2,s04-h2,3,7,81.2
s02-h2,s04-h2,3,7,81.3
s02-h2,s04-h2,3,7,81.6
s02-h2,s04-h2,3,7,83.2
s02-h2,s04-h2,3,7,83.7
s02-h2,s04-h2,3,7,83.7
s02-h2,s04-h2,3,7,99.2
s02-h2,s04-h2,3,7,88.7
s02-h2,s04-h2,3,7,74.0
s02-h2,s04-h2,3,7,81.3
s02-h2,s04-h2,3,7,98.9
s02-h2,s04-h2,3,7,77.4
s02-h2,s04-h2,3,7,73.9
s02-h2,s04-h2,3,7,84.6
s02-h2,s04-h2,3,7,87.6
s02-h2,s04-h2,3,7,87.6
s02-h2,s04-h2,3,7,87.5
s02-h2,s04-h2,3,7,88.2
s02-h2,s04-h2,3,7,74.1
s02-h2,s04-h2,3,7,87.2
s02-h2,s04-h2,3,7,88.4
s02-h2,s04-h2,3,7,88.2
s02-h2,s04-h2,3,7,88.5
s03-h1,s03-h2,4,5,99.7
s03-h1,s03-h2,4,5,88.5
s03-h1,s03-h2,4,5,87.6
s03-h1,s03-h2,4,5,88.3
s03-h1,s03-h2,4,5,88.4
s03-h1,s03-h2,4,5,88.4
s03-h1,s03-h2,4,5,88.2
s03-h1,s03-h2,4,5,87.6
s03-h1,s03-h2,4,5,87.5
s03-h1,s03-h2,4,5,87.6
s03-h1,s03-h2,4,5,84.7
s03-h1,s03-h2,4,5,74.2
s03-h1,s03-h2,4,5,99.3
s03-h1,s03-h2,4,5,99.7
s03-h1,s03-h2,4,5,77.3
s03-h1,s03-h2,4,5,73.9
s03-h1,s03-h2,4,5,73.9
s03-h1,s03-h2,4,5,81.7
s03-h1,s03-h2,4,5,88.6
s03-h1,s03-h2,4,5,83.2
s03-h1,s03-h2,4,5,83.2
s03-h1,s03-h2,4,5,83.2
s03-h1,s03-h2,4,5,83.3
s03-h1,s03-h2,4,5,83.7
s03-h1,s03-h2,4,5,83.5
s03-h1,s03-h2,4,5,83.6
s03-h1,s03-h2,4,5,87.7
s03-h1,s03-h2,4,5,87.9
s03-h1,s03-h2,4,5,87.9
s03-h1,s03-h2,4,5,86.4
s03-h1,s03-h2,4,5,99.8
s03-h1,s03-h2,4,5,91.4
s03-h1,s03-h2,4,5,86.3
s03-h1,s03-h2,4,5,88.1
s03-h1,s03-h2,4,5,88.1
s03-h1,s03-h2,4,5,86.4
s03-h1,s03-h2,4,5,88.3
s03-h1,s03-h2,4,5,88.3
s03-h1,s03-h2,4,5,88.0
s03-h1,s03-h2,4,5,72.2
s03-h1,s03-h2,4,5,86.4
s03-h1,s03-h2,4,5,75.6
s03-h1,s03-h2,4,5,75.9
s03-h1,s03-h2,4,5,76.2
s03-h1,s03-h2,4,5,76.0
s03-h1,s03-h2,4,5,76.1
s03-h1,s03-h2,4,5,75.7
s03-h1,s03-h2,4,5,75.6
s03-h1,s03-h2,4,5,74.8
s03-h1,s03-h2,4,5,83.8
s03-h1,s03-h2,4,5,79.1
s03-h1,s03-h2,4,5,85.8
s03-h1,s03-h2,4,5,87.6
s03-h1,s03-h2,4,5,86.4
s03-h1,s03-h2,4,5,96.5
s03-h1,s03-h2,4,5,88.1
s03-h1,s03-h2,4,5,87.7
s03-h1,s03-h2,4,5,87.4
s03-h1,s03-h2,4,5,79.2
s03-h1,s03-h2,4,5,86.0
s03-h1,s03-h2,4,5,87.5
s03-h1,s03-h2,4,5,96.5
s03-h1,s03-h2,4,5,93.3
s03-h1,s03-h2,4,5,88.5
s03-h1,s03-h2,4,5,90.1
s03-h1,s03-h2,4,5,90.6
s03-h1,s03-h2,4,5,93.2
s03-h1,s03-h2,4,5,93.2
s03-h1,s03-h2,4,5,93.2
s03-h1,s03-h2,4,5,90.5
s03-h1,s03-h2,4,5,90.6
s03-h1,s03-h2,4,5,89.0
s03-h1,s03-h2,4,5,86.8
s03-h1,s03-h2,4,5,97.5
s03-h1,s03-h2,4,5,97.2
s03-h1,s03-h2,4,5,98.3
s03-h1,s03-h2,4,5,97.0
s03-h1,s03-h2,4,5,94.0
s03-h1,s03-h2,4,5,97.4
s03-h1,s03-h2,4,5,83.3
s03-h1,s03-h2,4,5,75.8
s03-h1,s03-h2,4,5,93.2
s03-h1,s03-h2,4,5,98.1
s03-h1,s03-h2,4,5,98.1
s03-h1,s03-h2,4,5,87.3
s03-h1,s03-h2,4,5,87.7
s03-h1,s03-h2,4,5,99.7
s03-h1,s03-h2,4,5,87.8
s03-h1,s03-h2,4,5,97.0
s03-h1,s03-h2,4,5,97.1
s03-h1,s03-h2,4,5,98.9
s03-h1,s03-h2,4,5,98.9
s03-h1,s03-h2,4,5,83.6
s03-h1,s03-h2,4,5,76.1
s03-h1,s03-h2,4,5,98.9
s03-h1,s03-h2,4,5,88.3
s03-h1,s03-h2,4,5,90.4
s03-h1,s03-h2,4,5,98.1
s03-h1,s03-h2,4,5,98.2
s03-h1,s03-h2,4,5,98.2
s03-h1,s03-h2,4,5,98.6
s03-h1,s03-h2,4,5,88.3
s03-h1,s03-h2,4,5,98.7
s03-h1,s03-h2,4,5,97.1
s03-h1,s03-h2,4,5,95.3
s03-h1,s03-h2,4,5,97.1
s03-h1,s03-h2,4,5,83.5
s03-h1,s03-h2,4,5,76.0
s03-h1,s03-h2,4,5,93.2
s03-h1,s03-h2,4,5,98.1
s03-h1,s03-h2,4,5,98.1
s03-h1,s03-h2,4,5,87.3
s03-h1,s03-h2,4,5,87.9
s03-h1,s03-h2,4,5,87.8
s03-h1,s03-h2,4,5,97.4
s03-h1,s03-h2,4,5,97.5
s03-h1,s03-h2,4,5,98.8
s03-h1,s03-h2,4,5,98.6
s03-h1,s03-h2,4,5,83.8
s03-h1,s03-h2,4,5,76.2
s03-h1,s03-h2,4,5,90.5
s03-h1,s03-h2,4,5,98.5
s03-h1,s03-h2,4,5,98.6
s03-h1,s03-h2,4,5,88.3
s03-h1,s03-h2,4,5,88.2
s03-h1,s03-h2,4,5,97.1
s03-h1,s03-h2,4,5,97.1
s03-h1,s03-h2,4,5,94.1
s03-h1,s03-h2,4,5,99.5
s03-h1,s03-h2,4,5,83.3
s03-h1,s03-h2,4,5,75.7
s03-h1,s03-h2,4,5,93.2
s03-h1,s03-h2,4,5,98.1
s03-h1,s03-h2,4,5,98.2
s03-h1,s03-h2,4,5,87.4
s03-h1,s03-h2,4,5,88.1
s03-h1,s03-h2,4,5,87.9
s03-h1,s03-h2,4,5,94.1
s03-h1,s03-h2,4,5,94.0
s03-h1,s03-h2,4,5,94.1
s03-h1,s03-h2,4,5,94.1
s03-h1,s03-h2,4,5,83.5
s03-h1,s03-h2,4,5,76.1
s03-h1,s03-h2,4,5,84.8
s03-h1,s03-h2,4,5,87.4
s03-h1,s03-h2,4,5,99.1
s03-h1,s03-h2,4,5,88.2
s03-h1,s03-h2,4,5,94.9
s03-h1,s03-h2,4,5,99.5
s03-h1,s03-h2,4,5,95.0
s03-h1,s03-h2,4,5,88.2
s03-h1,s03-h2,4,5,75.4
s03-h1,s03-h2,4,5,79.1
s03-h1,s03-h2,4,5,87.1
s03-h1,s03-h2,4,5,87.7
s03-h1,s03-h2,4,5,77.3
s03-h1,s03-h2,4,5,81.8
s03-h1,s03-h2,4,5,88.1
s03-h1,s03-h2,4,5,93.5
s03-h1,s03-h2,4,5,79.1
s03-h1,s03-h2,4,5,82.9
s03-h1,s03-h2,4,5,84.7
s03-h1,s03-h2,4,5,83.9
s03-h1,s03-h2,4,5,75.7
s03-h1,s03-h2,4,5,77.4
s03-h1,s03-h2,4,5,86.6
s03-h1,s03-h2,4,5,85.7
s03-h1,s03-h2,4,5,87.5
s03-h1,s03-h2,4,5,99.6
s03-h1,s04-h1,4,6,99.8
s03-h1,s04-h1,4,6,88.5
s03-h1,s04-h1,4,6,87.6
s03-h1,s04-h1,4,6,88.4
s03-h1,s04-h1,4,6,87.6
s03-h1,s04-h1,4,6,87.5
s03-h1,s04-h1,4,6,84.7
s03-h1,s04-h1,4,6,74.2
s03-h1,s04-h1,4,6,99.7
s03-h1,s04-h1,4,6,77.4
s03-h1,s04-h1,4,6,73.9
s03-h1,s04-h1,4,6,73.9
s03-h1,s04-h1,4,6,81.8
s03-h1,s04-h1,4,6,88.6
s03-h1,s04-h1,4,6,99.3
s03-h1,s04-h1,4,6,83.2
s03-h1,s04-h1,4,6,83.3
s03-h1,s04-h1,4,6,83.7
s03-h1,s04-h1,4,6,87.7
s03-h1,s04-h1,4,6,87.8
s03-h1,s04-h1,4,6,87.9
s03-h1,s04-h1,4,6,84.7
s03-h1,s04-h1,4,6,86.3
s03-h1,s04-h1,4,6,99.6
s03-h1,s04-h1,4,6,91.5
s03-h1,s04-h1,4,6,88.0
s03-h1,s04-h1,4,6,88.2
s03-h1,s04-h1,4,6,87.6
s03-h1,s04-h1,4,6,72.2
s03-h1,s04-h1,4,6,86.4
s03-h1,s04-h1,4,6,75.5
s03-h1,s04-h1,4,6,76.0
s03-h1,s04-h1,4,6,76.1
s03-h1,s04-h1,4,6,74.2
s03-h1,s04-h1,4,6,72.0
s03-h1,s04-h1,4,6,83.8
s03-h1,s04-h1,4,6,79.1
s03-h1,s04-h1,4,6,85.7
s03-h1,s04-h1,4,6,87.3
s03-h1,s04-h1,4,6,87.5
s03-h1,s04-h1,4,6,96.9
s03-h1,s04-h1,4,6,88.1
s03-h1,s04-h1,4,6,87.7
s03-h1,s04-h1,4,6,87.4
s03-h1,s04-h1,4,6,79.2
s03-h1,s04-h1,4,6,86.3
s03-h1,s04-h1,4,6,87.5
s03-h1,s04-h1,4,6,96.4
s03-h1,s04-h1,4,6,93.3
s03-h1,s04-h1,4,6,88.5
s03-h1,s04-h1,4,6,91.7
s03-h1,s04-h1,4,6,93.3
s03-h1,s04-h1,4,6,93.2
s03-h1,s04-h1,4,6,88.3
s03-h1,s04-h1,4,6,86.9
s03-h1,s04-h1,4,6,97.1
s03-h1,s04-h1,4,6,94.0
s03-h1,s04-h1,4,6,97.4
s03-h1,s04-h1,4,6,83.3
s03-h1,s04-h1,4,6,75.8
s03-h1,s04-h1,4,6,98.3
s03-h1,s04-h1,4,6,97.1
s03-h1,s04-h1,4,6,88.2
s03-h1,s04-h1,4,6,87.3
s03-h1,s04-h1,4,6,87.8
s03-h1,s04-h1,4,6,83.6
s03-h1,s04-h1,4,6,76.2
s03-h1,s04-h1,4,6,97.0
s03-h1,s04-h1,4,6,88.2
s03-h1,s04-h1,4,6,90.5
s03-h1,s04-h1,4,6,98.2
s03-h1,s04-h1,4,6,98.2
s03-h1,s04-h1,4,6,88.3
s03-h1,s04-h1,4,6,97.1
s03-h1,s04-h1,4,6,95.3
s03-h1,s04-h1,4,6,97.0
s03-h1,s04-h1,4,6,83.5
s03-h1,s04-h1,4,6,76.0
s03-h1,s04-h1,4,6,98.2
s03-h1,s04-h1,4,6,97.0
s03-h1,s04-h1,4,6,88.2
s03-h1,s04-h1,4,6,87.2
s03-h1,s04-h1,4,6,87.8
s03-h1,s04-h1,4,6,83.8
s03-h1,s04-h1,4,6,76.3
s03-h1,s04-h1,4,6,97.8
s03-h1,s04-h1,4,6,90.5
s03-h1,s04-h1,4,6,88.3
s03-h1,s04-h1,4,6,88.2
s03-h1,s04-h1,4,6,97.1
s03-h1,s04-h1,4,6,94.1
s03-h1,s04-h1,4,6,99.5
s03-h1,s04-h1,4,6,83.3
s03-h1,s04-h1,4,6,75.8
s03-h1,s04-h1,4,6,97.4
s03-h1,s04-h1,4,6,94.2
s03-h1,s04-h1,4,6,88.2
s03-h1,s04-h1,4,6,87.3
s03-h1,s04-h1,4,6,88.0
s03-h1,s04-h1,4,6,83.5
s03-h1,s04-h1,4,6,76.1
s03-h1,s04-h1,4,6,90.0
s03-h1,s04-h1,4,6,84.8
s03-h1,s04-h1,4,6,87.4
s03-h1,s04-h1,4,6,87.9
s03-h1,s04-h1,4,6,95.6
s03-h1,s04-h1,4,6,98.5
s03-h1,s04-h1,4,6,88.2
s03-h1,s04-h1,4,6,75.4
s03-h1,s04-h1,4,6,79.0
s03-h1,s04-h1,4,6,87.1
s03-h1,s04-h1,4,6,87.7
s03-h1,s04-h1,4,6,77.3
s03-h1,s04-h1,4,6,81.8
s03-h1,s04-h1,4,6,98.4
s03-h1,s04-h1,4,6,88.1
s03-h1,s04-h1,4,6,99.8
s03-h1,s04-h1,4,6,93.4
s03-h1,s04-h1,4,6,79.0
s03-h1,s04-h1,4,6,82.6
s03-h1,s04-h1,4,6,84.7
s03-h1,s04-h1,4,6,83.8
s03-h1,s04-h1,4,6,75.8
s03-h1,s04-h1,4,6,77.1
s03-h1,s04-h1,4,6,86.7
s03-h1,s04-h1,4,6,85.7
s03-h1,s04-h1,4,6,87.5
s03-h1,s04-h1,4,6,99.9
s03-h1,s04-h2,4,7,99.8
s03-h1,s04-h2,4,7,88.5
s03-h1,s04-h2,4,7,87.6
s03-h1,s04-h2,4,7,88.3
s03-h1,s04-h2,4,7,88.4
s03-h1,s04-h2,4,7,88.3
s03-h1,s04-h2,4,7,87.5
s03-h1,s04-h2,4,7,87.6
s03-h1,s04-h2,4,7,87.6
s03-h1,s04-h2,4,7,84.7
s03-h1,s04-h2,4,7,74.2
s03-h1,s04-h2,4,7,99.6
s03-h1,s04-h2,4,7,77.3
s03-h1,s04-h2,4,7,73.9
s03-h1,s04-h2,4,7,73.9
s03-h1,s04-h2,4,7,81.7
s03-h1,s04-h2,4,7,88.6
s03-h1,s04-h2,4,7,99.3
s03-h1,s04-h2,4,7,83.2
s03-h1,s04-h2,4,7,83.3
s03-h1,s04-h2,4,7,83.3
s03-h1,s04-h2,4,7,83.5
s03-h1,s04-h2,4,7,83.6
s03-h1,s04-h2,4,7,83.7
s03-h1,s04-h2,4,7,87.9
s03-h1,s04-h2,4,7,87.8
s03-h1,s04-h2,4,7,87.8
s03-h1,s04-h2,4,7,84.7
s03-h1,s04-h2,4,7,86.4
s03-h1,s04-h2,4,7,99.7
s03-h1,s04-h2,4,7,91.5
s03-h1,s04-h2,4,7,88.1
s03-h1,s04-h2,4,7,88.1
s03-h1,s04-h2,4,7,88.1
s03-h1,s04-h2,4,7,88.3
s03-h1,s04-h2,4,7,88.3
s03-h1,s04-h2,4,7,87.6
s03-h1,s04-h2,4,7,72.3
s03-h1,s04-h2,4,7,86.4
s03-h1,s04-h2,4,7,75.9
s03-h1,s04-h2,4,7,76.1
s03-h1,s04-h2,4,7,76.1
s03-h1,s04-h2,4,7,75.6
s03-h1,s04-h2,4,7,75.6
s03-h1,s04-h2,4,7,75.7
s03-h1,s04-h2,4,7,74.2
s03-h1,s04-h2,4,7,74.8
s03-h1,s04-h2,4,7,83.8
s03-h1,s04-h2,4,7,79.0
s03-h1,s04-h2,4,7,85.7
s03-h1,s04-h2,4,7,87.5
s03-h1,s04-h2,4,7,87.5
s03-h1,s04-h2,4,7,96.7
s03-h1,s04-h2,4,7,88.1
s03-h1,s04-h2,4,7,87.7
s03-h1,s04-h2,4,7,87.3
s03-h1,s04-h2,4,7,79.2
s03-h1,s04-h2,4,7,86.5
s03-h1,s04-h2,4,7,87.5
s03-h1,s04-h2,4,7,96.4
s03-h1,s04-h2,4,7,93.3
s03-h1,s04-h2,4,7,88.5
s03-h1,s04-h2,4,7,91.6
s03-h1,s04-h2,4,7,93.2
s03-h1,s04-h2,4,7,93.2
s03-h1,s04-h2,4,7,93.2
s03-h1,s04-h2,4,7,90.4
s03-h1,s04-h2,4,7,90.5
s03-h1,s04-h2,4,7,88.3
s03-h1,s04-h2,4,7,86.9
s03-h1,s04-h2,4,7,97.1
s03-h1,s04-h2,4,7,98.3
s03-h1,s04-h2,4,7,97.0
s03-h1,s04-h2,4,7,97.0
s03-h1,s04-h2,4,7,94.1
s03-h1,s04-h2,4,7,83.3
s03-h1,s04-h2,4,7,75.4
s03-h1,s04-h2,4,7,93.2
s03-h1,s04-h2,4,7,98.0
s03-h1,s04-h2,4,7,98.0
s03-h1,s04-h2,4,7,88.2
s03-h1,s04-h2,4,7,87.3
s03-h1,s04-h2,4,7,87.8
s03-h1,s04-h2,4,7,97.1
s03-h1,s04-h2,4,7,97.0
s03-h1,s04-h2,4,7,97.1
s03-h1,s04-h2,4,7,83.6
s03-h1,s04-h2,4,7,76.2
s03-h1,s04-h2,4,7,88.3
s03-h1,s04-h2,4,7,90.4
s03-h1,s04-h2,4,7,98.1
s03-h1,s04-h2,4,7,98.1
s03-h1,s04-h2,4,7,98.2
s03-h1,s04-h2,4,7,88.3
s03-h1,s04-h2,4,7,98.7
s03-h1,s04-h2,4,7,97.1
s03-h1,s04-h2,4,7,97.0
s03-h1,s04-h2,4,7,95.3
s03-h1,s04-h2,4,7,83.5
s03-h1,s04-h2,4,7,76.2
s03-h1,s04-h2,4,7,93.2
s03-h1,s04-h2,4,7,97.9
s03-h1,s04-h2,4,7,98.0
s03-h1,s04-h2,4,7,88.1
s03-h1,s04-h2,4,7,87.5
s03-h1,s04-h2,4,7,87.8
s03-h1,s04-h2,4,7,97.4
s03-h1,s04-h2,4,7,97.5
s03-h1,s04-h2,4,7,97.4
s03-h1,s04-h2,4,7,83.8
s03-h1,s04-h2,4,7,76.3
s03-h1,s04-h2,4,7,90.5
s03-h1,s04-h2,4,7,99.7
s03-h1,s04-h2,4,7,98.2
s03-h1,s04-h2,4,7,88.3
s03-h1,s04-h2,4,7,88.2
s03-h1,s04-h2,4,7,97.2
s03-h1,s04-h2,4,7,97.1
s03-h1,s04-h2,4,7,97.1
s03-h1,s04-h2,4,7,94.1
s03-h1,s04-h2,4,7,83.3
s03-h1,s04-h2,4,7,75.4
s03-h1,s04-h2,4,7,93.2
s03-h1,s04-h2,4,7,98.1
s03-h1,s04-h2,4,7,98.1
s03-h1,s04-h2,4,7,88.2
s03-h1,s04-h2,4,7,87.6
s03-h1,s04-h2,4,7,88.0
s03-h1,s04-h2,4,7,94.1
s03-h1,s04-h2,4,7,94.1
s03-h1,s04-h2,4,7,94.0
s03-h1,s04-h2,4,7,81.7
s03-h1,s04-h2,4,7,76.3
s03-h1,s04-h2,4,7,84.7
s03-h1,s04-h2,4,7,87.4
s03-h1,s04-h2,4,7,88.3
s03-h1,s04-h2,4,7,95.0
s03-h1,s04-h2,4,7,97.0
s03-h1,s04-h2,4,7,97.0
s03-h1,s04-h2,4,7,95.0
s03-h1,s04-h2,4,7,88.2
s03-h1,s04-h2,4,7,75.4
s03-h1,s04-h2,4,7,79.1
s03-h1,s04-h2,4,7,87.2
s03-h1,s04-h2,4,7,87.6
s03-h1,s04-h2,4,7,77.4
s03-h1,s04-h2,4,7,81.7
s03-h1,s04-h2,4,7,99.6
s03-h1,s04-h2,4,7,88.0
s03-h1,s04-h2,4,7,93.5
s03-h1,s04-h2,4,7,79.0
s03-h1,s04-h2,4,7,84.7
s03-h1,s04-h2,4,7,83.8
s03-h1,s04-h2,4,7,75.7
s03-h1,s04-h2,4,7,86.6
s03-h1,s04-h2,4,7,85.9
s03-h1,s04-h2,4,7,87.5
s03-h2,s04-h1,5,6,99.9
s03-h2,s04-h1,5,6,99.8
s03-h2,s04-h1,5,6,99.7
s03-h2,s04-h1,5,6,83.0
s03-h2,s04-h1,5,6,78.1
s03-h2,s04-h1,5,6,87.7
s03-h2,s04-h1,5,6,87.1
s03-h2,s04-h1,5,6,88.6
s03-h2,s04-h1,5,6,87.7
s03-h2,s04-h1,5,6,78.0
s03-h2,s04-h1,5,6,86.4
s03-h2,s04-h1,5,6,85.8
s03-h2,s04-h1,5,6,86.6
s03-h2,s04-h1,5,6,75.8
s03-h2,s04-h1,5,6,83.8
s03-h2,s04-h1,5,6,84.8
s03-h2,s04-h1,5,6,82.7
s03-h2,s04-h1,5,6,93.1
s03-h2,s04-h1,5,6,79.2
s03-h2,s04-h1,5,6,88.1
s03-h2,s04-h1,5,6,98.5
s03-h2,s04-h1,5,6,77.3
s03-h2,s04-h1,5,6,81.8
s03-h2,s04-h1,5,6,87.6
s03-h2,s04-h1,5,6,87.1
s03-h2,s04-h1,5,6,79.1
s03-h2,s04-h1,5,6,75.7
s03-h2,s04-h1,5,6,88.2
s03-h2,s04-h1,5,6,98.8
s03-h2,s04-h1,5,6,87.9
s03-h2,s04-h1,5,6,99.9
s03-h2,s04-h1,5,6,87.4
s03-h2,s04-h1,5,6,84.7
s03-h2,s04-h1,5,6,89.8
s03-h2,s04-h1,5,6,97.0
s03-h2,s04-h1,5,6,94.2
s03-h2,s04-h1,5,6,76.0
s03-h2,s04-h1,5,6,83.3
s03-h2,s04-h1,5,6,87.9
s03-h2,s04-h1,5,6,87.2
s03-h2,s04-h1,5,6,88.1
s03-h2,s04-h1,5,6,97.2
s03-h2,s04-h1,5,6,96.0
s03-h2,s04-h1,5,6,75.7
s03-h2,s04-h1,5,6,83.3
s03-h2,s04-h1,5,6,88.0
s03-h2,s04-h1,5,6,87.3
s03-h2,s04-h1,5,6,88.2
s03-h2,s04-h1,5,6,94.0
s03-h2,s04-h1,5,6,97.1
s03-h2,s04-h1,5,6,75.7
s03-h2,s04-h1,5,6,83.3
s03-h2,s04-h1,5,6,88.2
s03-h2,s04-h1,5,6,88.3
s03-h2,s04-h1,5,6,90.5
s03-h2,s04-h1,5,6,97.8
s03-h2,s04-h1,5,6,97.6
s03-h2,s04-h1,5,6,93.9
s03-h2,s04-h1,5,6,98.7
s03-h2,s04-h1,5,6,76.3
s03-h2,s04-h1,5,6,83.7
s03-h2,s04-h1,5,6,88.4
s03-h2,s04-h1,5,6,88.2
s03-h2,s04-h1,5,6,90.5
s03-h2,s04-h1,5,6,98.2
s03-h2,s04-h1,5,6,98.1
s03-h2,s04-h1,5,6,98.8
s03-h2,s04-h1,5,6,97.2
s03-h2,s04-h1,5,6,97.3
s03-h2,s04-h1,5,6,94.0
s03-h2,s04-h1,5,6,76.1
s03-h2,s04-h1,5,6,83.7
s03-h2,s04-h1,5,6,88.4
s03-h2,s04-h1,5,6,88.2
s03-h2,s04-h1,5,6,90.5
s03-h2,s04-h1,5,6,98.2
s03-h2,s04-h1,5,6,98.2
s03-h2,s04-h1,5,6,98.0
s03-h2,s04-h1,5,6,97.2
s03-h2,s04-h1,5,6,96.9
s03-h2,s04-h1,5,6,98.3
s03-h2,s04-h1,5,6,97.3
s03-h2,s04-h1,5,6,76.2
s03-h2,s04-h1,5,6,83.6
s03-h2,s04-h1,5,6,87.7
s03-h2,s04-h1,5,6,87.6
s03-h2,s04-h1,5,6,88.2
s03-h2,s04-h1,5,6,94.0
s03-h2,s04-h1,5,6,97.1
s03-h2,s04-h1,5,6,75.9
s03-h2,s04-h1,5,6,83.3
s03-h2,s04-h1,5,6,99.1
s03-h2,s04-h1,5,6,85.4
s03-h2,s04-h1,5,6,93.2
s03-h2,s04-h1,5,6,93.2
s03-h2,s04-h1,5,6,88.3
s03-h2,s04-h1,5,6,91.6
s03-h2,s04-h1,5,6,99.6
s03-h2,s04-h1,5,6,88.6
s03-h2,s04-h1,5,6,93.2
s03-h2,s04-h1,5,6,96.5
s03-h2,s04-h1,5,6,87.6
s03-h2,s04-h1,5,6,86.4
s03-h2,s04-h1,5,6,79.3
s03-h2,s04-h1,5,6,87.4
s03-h2,s04-h1,5,6,87.7
s03-h2,s04-h1,5,6,88.1
s03-h2,s04-h1,5,6,96.7
s03-h2,s04-h1,5,6,87.5
s03-h2,s04-h1,5,6,87.3
s03-h2,s04-h1,5,6,85.7
s03-h2,s04-h1,5,6,79.1
s03-h2,s04-h1,5,6,83.9
s03-h2,s04-h1,5,6,74.2
s03-h2,s04-h1,5,6,72.3
s03-h2,s04-h1,5,6,76.2
s03-h2,s04-h1,5,6,75.6
s03-h2,s04-h1,5,6,76.1
s03-h2,s04-h1,5,6,74.8
s03-h2,s04-h1,5,6,86.4
s03-h2,s04-h1,5,6,87.3
s03-h2,s04-h1,5,6,87.5
s03-h2,s04-h1,5,6,87.6
s03-h2,s04-h1,5,6,90.1
s03-h2,s04-h1,5,6,98.2
s03-h2,s04-h1,5,6,99.5
s03-h2,s04-h1,5,6,98.3
s03-h2,s04-h1,5,6,87.7
s03-h2,s04-h1,5,6,87.8
s03-h2,s04-h1,5,6,87.9
s03-h2,s04-h1,5,6,74.2
s03-h2,s04-h1,5,6,84.7
s03-h2,s04-h1,5,6,86.3
s03-h2,s04-h1,5,6,83.3
s03-h2,s04-h1,5,6,83.4
s03-h2,s04-h1,5,6,83.8
s03-h2,s04-h1,5,6,99.9
s03-h2,s04-h1,5,6,88.6
s03-h2,s04-h1,5,6,73.9
s03-h2,s04-h1,5,6,81.9
s03-h2,s04-h1,5,6,77.4
s03-h2,s04-h1,5,6,73.9
s03-h2,s04-h1,5,6,99.3
s03-h2,s04-h1,5,6,87.9
s03-h2,s04-h1,5,6,99.7
s03-h2,s04-h1,5,6,88.1
s03-h2,s04-h1,5,6,88.0
s03-h2,s04-h1,5,6,89.0
s03-h2,s04-h1,5,6,88.5
s03-h2,s04-h2,5,7,77.4
s03-h2,s04-h2,5,7,82.9
s03-h2,s04-h2,5,7,78.1
s03-h2,s04-h2,5,7,99.8
s03-h2,s04-h2,5,7,87.7
s03-h2,s04-h2,5,7,87.1
s03-h2,s04-h2,5,7,88.6
s03-h2,s04-h2,5,7,87.7
s03-h2,s04-h2,5,7,87.5
s03-h2,s04-h2,5,7,86.0
s03-h2,s04-h2,5,7,86.5
s03-h2,s04-h2,5,7,75.7
s03-h2,s04-h2,5,7,83.8
s03-h2,s04-h2,5,7,84.8
s03-h2,s04-h2,5,7,93.2
s03-h2,s04-h2,5,7,79.2
s03-h2,s04-h2,5,7,88.1
s03-h2,s04-h2,5,7,98.8
s03-h2,s04-h2,5,7,77.4
s03-h2,s04-h2,5,7,81.7
s03-h2,s04-h2,5,7,87.6
s03-h2,s04-h2,5,7,87.1
s03-h2,s04-h2,5,7,79.2
s03-h2,s04-h2,5,7,75.7
s03-h2,s04-h2,5,7,88.2
s03-h2,s04-h2,5,7,94.9
s03-h2,s04-h2,5,7,99.0
s03-h2,s04-h2,5,7,95.0
s03-h2,s04-h2,5,7,88.3
s03-h2,s04-h2,5,7,99.4
s03-h2,s04-h2,5,7,87.4
s03-h2,s04-h2,5,7,84.7
s03-h2,s04-h2,5,7,94.0
s03-h2,s04-h2,5,7,94.1
s03-h2,s04-h2,5,7,94.0
s03-h2,s04-h2,5,7,97.3
s03-h2,s04-h2,5,7,97.1
s03-h2,s04-h2,5,7,76.1
s03-h2,s04-h2,5,7,83.3
s03-h2,s04-h2,5,7,87.9
s03-h2,s04-h2,5,7,93.2
s03-h2,s04-h2,5,7,87.5
s03-h2,s04-h2,5,7,88.1
s03-h2,s04-h2,5,7,98.0
s03-h2,s04-h2,5,7,98.1
s03-h2,s04-h2,5,7,98.2
s03-h2,s04-h2,5,7,98.2
s03-h2,s04-h2,5,7,99.1
s03-h2,s04-h2,5,7,75.3
s03-h2,s04-h2,5,7,83.3
s03-h2,s04-h2,5,7,87.9
s03-h2,s04-h2,5,7,93.2
s03-h2,s04-h2,5,7,87.6
s03-h2,s04-h2,5,7,88.2
s03-h2,s04-h2,5,7,98.1
s03-h2,s04-h2,5,7,98.2
s03-h2,s04-h2,5,7,94.1
s03-h2,s04-h2,5,7,97.1
s03-h2,s04-h2,5,7,97.1
s03-h2,s04-h2,5,7,75.3
s03-h2,s04-h2,5,7,83.3
s03-h2,s04-h2,5,7,88.2
s03-h2,s04-h2,5,7,88.3
s03-h2,s04-h2,5,7,90.5
s03-h2,s04-h2,5,7,97.5
s03-h2,s04-h2,5,7,99.0
s03-h2,s04-h2,5,7,99.0
s03-h2,s04-h2,5,7,94.0
s03-h2,s04-h2,5,7,98.8
s03-h2,s04-h2,5,7,98.7
s03-h2,s04-h2,5,7,76.3
s03-h2,s04-h2,5,7,83.7
s03-h2,s04-h2,5,7,88.4
s03-h2,s04-h2,5,7,88.3
s03-h2,s04-h2,5,7,90.5
s03-h2,s04-h2,5,7,98.1
s03-h2,s04-h2,5,7,98.0
s03-h2,s04-h2,5,7,98.1
s03-h2,s04-h2,5,7,97.2
s03-h2,s04-h2,5,7,98.9
s03-h2,s04-h2,5,7,98.8
s03-h2,s04-h2,5,7,94.1
s03-h2,s04-h2,5,7,76.2
s03-h2,s04-h2,5,7,83.7
s03-h2,s04-h2,5,7,88.4
s03-h2,s04-h2,5,7,88.3
s03-h2,s04-h2,5,7,90.5
s03-h2,s04-h2,5,7,98.1
s03-h2,s04-h2,5,7,98.0
s03-h2,s04-h2,5,7,98.2
s03-h2,s04-h2,5,7,99.1
s03-h2,s04-h2,5,7,99.8
s03-h2,s04-h2,5,7,97.0
s03-h2,s04-h2,5,7,97.0
s03-h2,s04-h2,5,7,97.1
s03-h2,s04-h2,5,7,97.1
s03-h2,s04-h2,5,7,76.3
s03-h2,s04-h2,5,7,83.6
s03-h2,s04-h2,5,7,87.7
s03-h2,s04-h2,5,7,93.2
s03-h2,s04-h2,5,7,87.6
s03-h2,s04-h2,5,7,88.2
s03-h2,s04-h2,5,7,98.0
s03-h2,s04-h2,5,7,98.0
s03-h2,s04-h2,5,7,94.0
s03-h2,s04-h2,5,7,97.1
s03-h2,s04-h2,5,7,97.0
s03-h2,s04-h2,5,7,75.4
s03-h2,s04-h2,5,7,83.3
s03-h2,s04-h2,5,7,85.4
s03-h2,s04-h2,5,7,93.2
s03-h2,s04-h2,5,7,93.2
s03-h2,s04-h2,5,7,93.2
s03-h2,s04-h2,5,7,88.3
s03-h2,s04-h2,5,7,91.5
s03-h2,s04-h2,5,7,90.4
s03-h2,s04-h2,5,7,90.4
s03-h2,s04-h2,5,7,88.5
s03-h2,s04-h2,5,7,93.2
s03-h2,s04-h2,5,7,96.4
s03-h2,s04-h2,5,7,87.5
s03-h2,s04-h2,5,7,86.5
s03-h2,s04-h2,5,7,79.3
s03-h2,s04-h2,5,7,87.3
s03-h2,s04-h2,5,7,87.7
s03-h2,s04-h2,5,7,88.2
s03-h2,s04-h2,5,7,96.6
s03-h2,s04-h2,5,7,87.5
s03-h2,s04-h2,5,7,87.5
s03-h2,s04-h2,5,7,85.7
s03-h2,s04-h2,5,7,79.0
s03-h2,s04-h2,5,7,83.9
s03-h2,s04-h2,5,7,74.2
s03-h2,s04-h2,5,7,74.8
s03-h2,s04-h2,5,7,75.7
s03-h2,s04-h2,5,7,75.8
s03-h2,s04-h2,5,7,76.2
s03-h2,s04-h2,5,7,76.1
s03-h2,s04-h2,5,7,75.8
s03-h2,s04-h2,5,7,76.0
s03-h2,s04-h2,5,7,74.9
s03-h2,s04-h2,5,7,86.4
s03-h2,s04-h2,5,7,87.3
s03-h2,s04-h2,5,7,87.4
s03-h2,s04-h2,5,7,87.5
s03-h2,s04-h2,5,7,87.6
s03-h2,s04-h2,5,7,90.2
s03-h2,s04-h2,5,7,88.3
s03-h2,s04-h2,5,7,88.2
s03-h2,s04-h2,5,7,98.7
s03-h2,s04-h2,5,7,98.2
s03-h2,s04-h2,5,7,99.4
s03-h2,s04-h2,5,7,87.9
s03-h2,s04-h2,5,7,87.8
s03-h2,s04-h2,5,7,87.8
s03-h2,s04-h2,5,7,74.4
s03-h2,s04-h2,5,7,84.7
s03-h2,s04-h2,5,7,86.4
s03-h2,s04-h2,5,7,83.3
s03-h2,s04-h2,5,7,83.6
s03-h2,s04-h2,5,7,83.4
s03-h2,s04-h2,5,7,83.3
s03-h2,s04-h2,5,7,83.7
s03-h2,s04-h2,5,7,83.8
s03-h2,s04-h2,5,7,99.7
s03-h2,s04-h2,5,7,88.6
s03-h2,s04-h2,5,7,73.9
s03-h2,s04-h2,5,7,81.8
s03-h2,s04-h2,5,7,77.3
s03-h2,s04-h2,5,7,73.9
s03-h2,s04-h2,5,7,88.0
s03-h2,s04-h2,5,7,99.7
s03-h2,s04-h2,5,7,88.0
s03-h2,s04-h2,5,7,88.1
s03-h2,s04-h2,5,7,88.1
s03-h2,s04-h2,5,7,89.0
s03-h2,s04-h2,5,7,88.3
s03-h2,s04-h2,5,7,88.3
s03-h2,s04-h2,5,7,88.5
s04-h1,s04-h2,6,7,99.8
s04-h1,s04-h2,6,7,88.5
s04-h1,s04-h2,6,7,87.6
s04-h1,s04-h2,6,7,88.2
s04-h1,s04-h2,6,7,88.4
s04-h1,s04-h2,6,7,88.3
s04-h1,s04-h2,6,7,87.2
s04-h1,s04-h2,6,7,87.3
s04-h1,s04-h2,6,7,87.6
s04-h1,s04-h2,6,7,84.7
s04-h1,s04-h2,6,7,77.3
s04-h1,s04-h2,6,7,73.9
s04-h1,s04-h2,6,7,73.9
s04-h1,s04-h2,6,7,81.8
s04-h1,s04-h2,6,7,88.6
s04-h1,s04-h2,6,7,83.3
s04-h1,s04-h2,6,7,83.3
s04-h1,s04-h2,6,7,83.3
s04-h1,s04-h2,6,7,83.6
s04-h1,s04-h2,6,7,83.7
s04-h1,s04-h2,6,7,83.7
s04-h1,s04-h2,6,7,84.7
s04-h1,s04-h2,6,7,87.9
s04-h1,s04-h2,6,7,87.8
s04-h1,s04-h2,6,7,87.9
s04-h1,s04-h2,6,7,86.4
s04-h1,s04-h2,6,7,99.6
s04-h1,s04-h2,6,7,91.6
s04-h1,s04-h2,6,7,88.2
s04-h1,s04-h2,6,7,88.2
s04-h1,s04-h2,6,7,88.2
s04-h1,s04-h2,6,7,88.3
s04-h1,s04-h2,6,7,88.3
s04-h1,s04-h2,6,7,87.6
s04-h1,s04-h2,6,7,72.4
s04-h1,s04-h2,6,7,86.3
s04-h1,s04-h2,6,7,75.7
s04-h1,s04-h2,6,7,76.0
s04-h1,s04-h2,6,7,76.2
s04-h1,s04-h2,6,7,75.7
s04-h1,s04-h2,6,7,75.8
s04-h1,s04-h2,6,7,76.2
s04-h1,s04-h2,6,7,74.2
s04-h1,s04-h2,6,7,74.8
s04-h1,s04-h2,6,7,83.8
s04-h1,s04-h2,6,7,79.0
s04-h1,s04-h2,6,7,85.7
s04-h1,s04-h2,6,7,87.5
s04-h1,s04-h2,6,7,87.5
s04-h1,s04-h2,6,7,96.7
s04-h1,s04-h2,6,7,88.1
s04-h1,s04-h2,6,7,87.7
s04-h1,s04-h2,6,7,87.2
s04-h1,s04-h2,6,7,79.2
s04-h1,s04-h2,6,7,86.3
s04-h1,s04-h2,6,7,87.2
s04-h1,s04-h2,6,7,96.7
s04-h1,s04-h2,6,7,93.2
s04-h1,s04-h2,6,7,88.5
s04-h1,s04-h2,6,7,91.6
s04-h1,s04-h2,6,7,94.0
s04-h1,s04-h2,6,7,97.2
s04-h1,s04-h2,6,7,97.3
s04-h1,s04-h2,6,7,90.4
s04-h1,s04-h2,6,7,90.5
s04-h1,s04-h2,6,7,88.4
s04-h1,s04-h2,6,7,87.8
s04-h1,s04-h2,6,7,97.1
s04-h1,s04-h2,6,7,97.0
s04-h1,s04-h2,6,7,97.1
s04-h1,s04-h2,6,7,83.8
s04-h1,s04-h2,6,7,76.2
s04-h1,s04-h2,6,7,97.1
s04-h1,s04-h2,6,7,97.0
s04-h1,s04-h2,6,7,89.8
s04-h1,s04-h2,6,7,98.3
s04-h1,s04-h2,6,7,98.6
s04-h1,s04-h2,6,7,97.3
s04-h1,s04-h2,6,7,93.2
s04-h1,s04-h2,6,7,98.1
s04-h1,s04-h2,6,7,98.2
s04-h1,s04-h2,6,7,88.3
s04-h1,s04-h2,6,7,87.6
s04-h1,s04-h2,6,7,87.9
s04-h1,s04-h2,6,7,99.4
s04-h1,s04-h2,6,7,97.3
s04-h1,s04-h2,6,7,97.1
s04-h1,s04-h2,6,7,83.3
s04-h1,s04-h2,6,7,75.3
s04-h1,s04-h2,6,7,93.2
s04-h1,s04-h2,6,7,98.0
s04-h1,s04-h2,6,7,98.1
s04-h1,s04-h2,6,7,88.1
s04-h1,s04-h2,6,7,87.5
s04-h1,s04-h2,6,7,87.8
s04-h1,s04-h2,6,7,94.0
s04-h1,s04-h2,6,7,93.9
s04-h1,s04-h2,6,7,94.1
s04-h1,s04-h2,6,7,83.4
s04-h1,s04-h2,6,7,76.2
s04-h1,s04-h2,6,7,84.7
s04-h1,s04-h2,6,7,87.4
s04-h1,s04-h2,6,7,99.0
s04-h1,s04-h2,6,7,88.3
s04-h1,s04-h2,6,7,95.6
s04-h1,s04-h2,6,7,98.4
s04-h1,s04-h2,6,7,87.9
s04-h1,s04-h2,6,7,75.8
s04-h1,s04-h2,6,7,79.2
s04-h1,s04-h2,6,7,87.2
s04-h1,s04-h2,6,7,87.6
s04-h1,s04-h2,6,7,77.4
s04-h1,s04-h2,6,7,81.7
s04-h1,s04-h2,6,7,99.7
s04-h1,s04-h2,6,7,88.1
s04-h1,s04-h2,6,7,93.2
s04-h1,s04-h2,6,7,79.2
s04-h1,s04-h2,6,7,84.8
s04-h1,s04-h2,6,7,83.9
s04-h1,s04-h2,6,7,75.7
s04-h1,s04-h2,6,7,86.6
s04-h1,s04-h2,6,7,86.0
s04-h1,s04-h2,6,7,87.5
s04-h1,s04-h2,6,7,87.7
s04-h1,s04-h2,6,7,88.6
s04-h1,s04-h2,6,7,87.1
s04-h1,s04-h2,6,7,87.7
s04-h1,s04-h2,6,7,78.0
s04-h1,s04-h2,6,7,82.7
s04-h1,s04-h2,6,7,77.0
